EQUIP_ID,EQUIP_DESCN,EQUIP_PARENT
0000,Ballance Distribution,
100,#1 Hopper,1017-160-999
101,Drag Chain Conveyor #1 - Despatch,1017-160-999
102,Lump Breaker,1017-160-999
103,Electrical Dispatch (MCC),1017-160-999
104,Elec System -  Main Office,1017-160-999
105,HVAC - Main Office,1017-160-999
106,Site - Transformer,1017-160-999
107,Truck Wash,1017-160-999
108,Grassed Area,1017-160-999
109,M17M100 Mis Boundry - Fencing,1017-160-999
110,Roading,1017-160-999
111,#1 - Hopper Weighing Equipment,1017-160-999
112,Compressor - Despatch,1017-160-999
113,Elec System -  Bulk Storage,1017-160-999
114,Outbuilding Bulk Store - Structure,1017-160-999
115,Workshop and Misc building structures,1017-160-999
116,Bulkstore - Structure,1017-160-999
117,Building - External Cladding - Bag,1017-160-999
118,Building - External Cladding - Bulk,1017-160-999
119,Building - External Cladding - Office,1017-160-999
120,Building - External Cladding - Outbuilding Bulkstore,1017-160-999
121,Roller Door #1 - Bag Store,1017-160-999
122,Roller Door #2 - Bag Store,1017-160-999
123,Roller Door #3 - Bag Store,1017-160-999
124,Roller Door #4 - Bag Store,1017-160-999
125,Roller Door #1 - Bulk Store Exit,1017-160-999
126,Roller Door #1 - Despatch Entry,1017-160-999
127,Roller Door #2 - Despatch Exit,1017-160-999
128,Building - Bag Store,1017-160-999
201,Mount,0000
301,Maru Street,0000
401,Huntly,0000
501,Rotorua,0000
601,Morrinsville,0000
701,Otorohanga,0000
801,Pukekohe,0000
901,Te Awamutu,0000
1010,Irirangi,0000
1011,Edgecumbe,0000
1012,Gisborne,0000
1013,Hastings,0000
1014,Reporoa,0000
1015,Te Kuiti,0000
1016,Te Poi,0000
1017,Tirau,0000
1018,Whakamaru,0000
1019,Netherton,0000
1155,Te Puke,0000
1351,Kapuni,0000
1352,Bell Block,0000
1354,Pungarehu,0000
1355,Manaia Road,0000
1621,Greatford,0000
1645,Feilding,0000
1646,Shannon,0000
1710,Waipukurau,0000
1715,Waingawa,0000
2200,Whangarei Hub,0000
2201,Whangarei,0000
2202,Kaikohe,0000
2203,Waipapa,0000
2204,Wellsford,0000
2206,Whangarei,0000
2208,Dargaville,0000
2209,Marsden Point,0000
4801,Awarua,0000
4815,Owhiro,0000
4828,Gore,0000
4857,Invercargill,0000
4901,Timaru Hub,0000
4905,Timaru SC,0000
4910,Ashburton,0000
4916,Rolleston,0000
4920,Anama,0000
4929,Oamaru,0000
6500,Super Air,0000
20101,Product Store #1 - Walkways & Platforms,0201-110-020
20102,Product Store #1 - Cladding System,0201-110-020
20103,Product Store #1 - Bracing Systems,0201-110-020
20104,Product Store #1 - Foundations,0201-110-020
20105,Product Store #2 - Walkways and Platforms,0201-110-020
20106,Product Store #2 - Cladding System,0201-110-020
20107,Product Store #2 - Foundations,0201-110-020
20108,Product Store #2 - Bracing System,0201-110-020
20111,Acidulation - Walkways & Platforms,0201-100-430
20112,Acidulation - Cladding System,0201-100-430
20113,Acidulation - Bracing Systems,0201-100-430
20114,Acidulation - Foundations,0201-100-430
20116,Acidulation - Electrical Services,0201-100-430
20117,Build-#1 Rock Store - Walkways & Platforms,0201-090-020
20118,Build-#1 Rock Store - Cladding System,0201-090-020
20119,Build-#1 Rock Store - Bracing Systems,0201-090-020
20120,Build-#1 Rock Store - Foundations,0201-090-020
20122,Build-#1 Rock Store - Electrical Services,0201-090-020
20123,Build-#2 Rock Store - Walkways & Platforms,0201-090-020
20124,Build-#2 Rock Store - Cladding System,0201-090-020
20125,Build-#2 Rock Store - Bracing Systems,0201-090-020
20126,Build-#2 Rock Store - Foundations,0201-090-020
20128,Build-#2 Rock Store - Electrical Services,0201-090-020
20129,Build- Sulpur Store - Walkways & Platforms,0201-080-020
20130,Build- Sulpur Store - Cladding System,0201-080-020
20131,Build- Sulpur Store - Bracing Systems,0201-080-020
20132,Build- Sulpur Store - Foundations,0201-080-020
20134,Build- Sulpur Store - Electrical Services,0201-080-020
20135,Acid Plant Other - Walkways & Platforms,0201-080-180
20136,Acid System - Walkways & Platforms,0201-080-170
20137,Steam System - Walkways & Platforms,0201-080-155
20138,Sulphur Melting - Walkways & Platforms,0201-080-120
20139,Sulphur Gas System - Walkways & Platforms,0201-080-160
20140,Boiler System - Walkways & Platforms,0201-080-150
20141,Sulphur - high Spec - Walkways & Platforms,0201-080-140
20142,MMV1066 Hyundai HL 740-9 GGE301,0201-110-440
20143,MMV1030 Crown CD30S-FFT4730-1 EGA332,0201-110-440
20144,MMV1005 Crown CD-30 CGW267,0201-080-440
20145,MMV1074 Crown CD30S GMS704,0201-080-440
20146,MMV1186 VS60 Skid Steer,0201-100-430
20147,MMV1222 Wacker Neuson Skid Steer SW21,0201-100-430
40101,Drag Chain Conveyor #2 - Despatch,0401-160-111
40102,Bucket Elevator - Despatch,0401-160-111
40103,Elec System - Blender Conveyor #1,0401-160-111
40104,Elec System - Blender Conveyor #2,0401-160-111
40105,Elec System - Bucket Elevator,0401-160-111
40106,Elec System - Reciprocating Screen,0401-160-111
40107,Elec System - Lump Breaker,0401-160-111
40108,Elec System - Cross Conveyor,0401-160-111
40109,Elec System - Despatch Conveyor,0401-160-111
40110,Weighing Control Panels - Despatch,0401-160-111
40111,Guarding - Despatch,0401-160-111
40112,Bagging Hopper,0401-160-111
40113,Loadout chute,0401-160-111
40114,Sulphur Hopper,0401-160-111
40115,#2 - Hopper Weighing Equipment,0401-160-111
40116,Compressor - Air Command,0401-160-300
40117,Compressed Air Lines,0401-160-300
40118,Site - Transformer,0401-160-310
40119,Main Distribution Board,0401-160-310
40120,Truck Wash - Piping,0401-160-350
40121,Storm Water - Piping,0401-160-350
40122,Rain Gardens,0401-160-370
40123,Main Gate - Site,0401-160-370
40124,Roller Door #3 - Bulk Store,0401-160-430
40125,Roller Door #4 - Bulk Store,0401-160-430
40126,Roller Door #5 - Bulk Store,0401-160-430
40127,Building - External Cladding - Bulk,0401-160-430
40128,Building - External Cladding - Office,0401-160-430
40129,Bag store canopy,0401-160-430
40130,Dangerous Goods Shed,0401-160-430
40131,Pallet stacker,0401-160-430
40132,Sweeper (attachment for forklift),0401-160-440
40133,Emergency Exit Lighting,0401-160-450
48151,Sulphur hopper 2t,4815-160-100
48152,Drag Chain Conveyor #1 - Despatch,4815-160-111
48153,Platforms & Walkways - Despatch,4815-160-111
48154,Flail Mill - Despatch,4815-160-111
48158,Weighing Control Panels - Despatch,4815-160-111
48159,Despatch - Distribution - Control,4815-160-111
48281,1200kg Jacky bin,4828-160-100
48282,Compressor - Air Command,4828-160-300
48283,Compressed Air Lines,4828-160-300
48284,Boundry - Fencing,4828-160-370
48285,Roading,4828-160-370
48286,Roller Door #1 - Bulk Store,4828-160-430
48287,Bulk Store - Concrete Dividing Walls,4828-160-430
48288,Building - External Cladding - Bulk,4828-160-430
48289,Building - External Cladding - Office,4828-160-430
49291,Bagging Systems,4929-160-100
49292,1200kg Jacky bin,4929-160-100
49293,Drag Chain Conveyor #1 - Despatch,4929-160-111
49299,Weighing Control Panels - Despatch,4929-160-111
50101,Drag Chain Conveyor #1 - Despatch,0501-160-111
50102,Drag Chain Conveyor #2 - Despatch,0501-160-111
50103,Platforms & Walkways - Despatch,0501-160-111
50104,Bucket Elevator - Despatch,0501-160-111
50105,Lump breaker,0501-160-111
50106,Elec System - Blender Conveyor #1,0501-160-111
50107,Elec System - Blender Conveyor #2,0501-160-111
50108,Elec System - Bucket Elevator,0501-160-111
50109,Elec System - Lump Breaker,0501-160-111
50110,Elec System - Divertor,0501-160-111
50111,Elec System - Reciprocating Screen,0501-160-111
50112,Sulphur hopper,0501-160-111
50113,Guarding - Despatch,0501-160-111
50114,Diverter,0501-160-111
50115,Reciprocating Screen,0501-160-111
50116,#1 - Hopper,0501-160-111
50117,#2 - Hopper,0501-160-111
50118,#1 - Hopper Weighing Equipment,0501-160-111
50119,#2 - Hopper Weighing Equipment,0501-160-111
50120,Compressor - Despatch,0501-160-300
50121,MCC - Bulk Material Intake & Despatch,0501-160-310
50122,Site - Transformer,0501-160-310
50123,Main Distribution Board,0501-160-310
50126,Roller Door #1 Bulk Store South,0501-160-430
50127,Roller Door #2 - Despatch Entry South,0501-160-430
50128,Roller Door #3 - Despatch Exit North,0501-160-430
50129,Roller Door - Bag Store,0501-160-430
50130,Building - External Cladding - Bulk,0501-160-430
50131,Building - External Cladding - Office,0501-160-430
50132,Building - Compressor Shed,0501-160-430
50135,Building Bag Store,0501-160-430
50137,Elec System -  Main Office,0501-160-430
50138,Elec System - Bulk Store,0501-160-430
50142,Dust Cone - Despatch,0501-160-111
50146,Building - External Cladding - Bagging,0501-160-430
50147,Bulk Store - Concrete Dividing Walls,0501-160-430
70101,Double Drag Chain Conveyor #1 - Despatch,0701-160-111
70102,Drag Chain Conveyor #2 - Despatch,0701-160-111
70103,Platforms & Walkways - Despatch,0701-160-111
70104,Bucket Elevator - Despatch,0701-160-111
70105,Loadout Conveyor,0701-160-111
70106,Lump breaker/flail mill,0701-160-111
70107,Elec System - Blender Conveyor #1,0701-160-111
70108,Elec System - Blender Conveyor #2,0701-160-111
70109,Elec System - Bucket Elevator,0701-160-111
70110,Elec System - Reciprocating Screen,0701-160-111
70111,Elec System - Lump Breaker,0701-160-111
70112,Elec System - Loadout Conveyor,0701-160-111
70113,Guarding - Despatch,0701-160-111
70114,Loadout Chute,0701-160-111
70115,Bagging Chute,0701-160-111
70116,Vibrating Screen recirc chute,0701-160-111
70118,Vibrating Screen,0701-160-111
70119,Hopper #1,0701-160-111
70120,Hopper #2,0701-160-111
70121,Compressor,0701-160-300
70125,Bulk Store - Concrete Dividing Walls,0701-160-430
70130,Elec System -  Main Office,0701-160-430
70131,Elec System - Bulk Store,0701-160-430
70136,Building - External Cladding - Bulk,0701-160-430
70137,Building - External Cladding - Bagging,0701-160-430
70138,Building - External Cladding - Office,0701-160-430
70140,MCC - Bulk Material Despatch,0701-160-310
80101,Intake ramp,0801-160-010
80102,Intake canopy,0801-160-010
80103,Intake electric gates,0801-160-010
80104,Intake Pit,0801-160-010
80105,Bagging hopper 2,0801-160-100
80106,Screen 1,0801-160-100
80107,Screen 2,0801-160-100
80108,Conveyor 1,0801-160-100
80109,Conveyor 2,0801-160-100
80110,Platform scales 1 - Mettler Toledo,0801-160-100
80111,Platform scales 2 - Mettler Toledo,0801-160-100
80112,Platforms & Walkways - Despatch,0801-160-111
80113,Elec System - Blender Conveyor #1,0801-160-111
80114,Elec System - Bucket Elevator,0801-160-111
80115,Elec System - Lump Breaker,0801-160-111
80116,Elec System - Loadout Conveyor,0801-160-111
80117,Elec System - Cross Conveyor,0801-160-111
80118,Elec System - Incline Conveyor,0801-160-111
80119,Weighing Control Panels - Despatch,0801-160-111
80120,Despatch - Distribution - Control,0801-160-111
80121,Guarding - Despatch,0801-160-111
80122,Diverter / Recirc chute - Despatch,0801-160-111
80123,Loadout chute,0801-160-111
80124,#1 - Hopper Weighing Equipment,0801-160-111
80125,Compressors - AshAir,0801-160-300
80126,Compressed Air Lines,0801-160-300
80127,Site - Transformer,0801-160-310
80128,Main Distribution Board,0801-160-310
80129,Stormwater settling pond,0801-160-350
80130,Main Gate - Site,0801-160-370
80131,Elec System -  Bulk Storage,0801-160-430
80132,Bulk Store - Concrete Dividing Walls,0801-160-430
80133,Building - External Cladding - Bulk,0801-160-430
80134,Building - External Cladding - Office,0801-160-430
80135,Building Bag Store,0801-160-430
80136,Weighbridge hut,0801-160-430
80137,Elec System -  Main Office,0801-160-430
80138,Elec System - Bulk Store,0801-160-430
80139,Elec System - Bag Store,0801-160-430
80140,MMV963 Volvo loader - L70C,0801-160-440
80141,Emergency Exit Lighting,0801-160-450
80142,Suspension plant pipework,0801-170-470
80143,Suspension plant flowmeter and controls,0801-170-470
80144,Suspension plant electrical system,0801-170-470
90101,Platforms & Walkways - Intake,0901-160-010
90108,Guarding - Intake,0901-160-010
90113,Drag Chain Conveyor #1 - Despatch,0901-160-111
90114,Drag Chain Conveyor #2 - Despatch,0901-160-111
90115,Platforms & Walkways - Despatch,0901-160-111
90116,MCC - Bulk Material Despatch,0901-160-310
90117,Bucket Elevator - Despatch 1,0901-160-111
90118,Incline Conveyor - Despatch 1                                              ,0901-160-111
90120,Shuttle Conveyor - Despatch 1,0901-160-111
90124,Transfer Conveyor - Despatch 2,0901-160-112
90127,Hammer Mill ,0901-160-111
90128,Guarding - Despatch,0901-160-111
90129,MJZ801 Vibrating Screen - Despatch 1,0901-160-111
90131,Despatch Hopper 1,0901-160-111
90132,Despatch Hopper 2,0901-160-111
90146,Bulk Store - Concrete Dividing Walls,0901-160-430
90147,Building - External Cladding - Bulk,0901-160-430
90148,Building - External Cladding - Bagging,0901-160-430
90149,Building - External Cladding - Office,0901-160-430
90150,Intake Pit,0901-160-010
90151,Platforms & Walkways - Despatch 2,0901-160-112
90152,Air Compressor - VITECH  - Ash Air,0901-160-300
90153,MCC - Bulk Material Intake ,0901-160-310
90155,Stormwater Pond,0901-160-350
90156,Roller Door - Intake Entry,0901-160-430
90157,Roller Door - Intake Exit,0901-160-430
90158,Roller Door - Despatch Entry,0901-160-430
90159,Roller Door - Despatch Exit,0901-160-430
90160,Roller Door - Bag Store,0901-160-430
90161,Roller Door - Big,0901-160-430
90162,Roller Door - Despatch 2 Entry,0901-160-430
90163,Roller Door - Despatch 2 Exit,0901-160-430
90164,Hammer Mill  and Chute - Despatch 2,0901-160-112
90165,Vibrating Screen - Despatch 2,0901-160-112
101001,1200kg Jacky bin,1010-160-100
101002,Drag Chain Conveyor #1 - Despatch,1010-160-111
101003,Platforms & Walkways - Despatch,1010-160-111
101005,Loadout Conveyor - Despatch,1010-160-111
101006,Lump Breaker,1010-160-111
101007,Elec System - Bucket Elevator,1010-160-111
101008,Elec System - Blender Conveyor #1,1010-160-111
101009,Elec System - Reciprocating Screen,1010-160-111
101010,Elec System - Flail Mill,1010-160-111
101011,Weighing Control Panels - Despatch,1010-160-111
101012,Despatch - Distribution - Control,1010-160-111
101013,Guarding - Despatch,1010-160-111
101014,Oversize/Return Chute,1010-160-111
101015,Loadout chute,1010-160-111
101016,Dust cone,1010-160-111
101018,#1 - Hopper,1010-160-111
101019,#1 - Hopper Weighing Equipment,1010-160-111
101020,Compressor - Campbell Hausfeld,1010-160-300
101021,Main Distribution Board,1010-160-310
101022,Storm Water - Piping,1010-160-350
101023,Potable Water Pump,1010-160-350
101024,Stormwater Tank,1010-160-350
101025,Potable Water Tank,1010-160-350
101026,Waste Water System Piping,1010-160-360
101027,Office - Effluent,1010-160-360
101028,Grassed Area,1010-160-370
101030,Main Gate - Site,1010-160-370
101032,Elec System -  Bulk Storage,1010-160-430
101033,Roller Door #1 - Bulk Store,1010-160-430
101034,Roller Door #2 - Bulk Store,1010-160-430
101035,Bulk Store - Concrete Dividing Walls,1010-160-430
101036,Building - External Cladding - Bulk,1010-160-430
101037,Building - External Cladding - Office,1010-160-430
101038,Roller Door #1 - Despatch Entry,1010-160-430
101039,Roller Door #2 - Despatch Exit ,1010-160-430
101040,Building - Office,1010-160-430
101041,Elec System -  Main Office,1010-160-430
101042,20' containers (bag storage),1010-160-430
101044,Elec System - Bulk Store,1010-160-430
101045,Elec System - Bag Store,1010-160-430
101046,Fire Alarm Bag Store,1010-160-430
101047,Fire Alarm Bulk Store,1010-160-430
101048,Elec- Roller Door #1 Despatch Entry,1010-160-430
101049,Elec - Roller Door #2 Despatch Exit,1010-160-430
101050,Pallet stacker,1010-160-430
101053,Plant Safety - Despatch,1010-160-450
101054,Emergency Exit Lighting,1010-160-450
101055,Fire Fighting Equipment,1010-160-450
101101,Drag Chain Hopper 1 - Mac chain WD110,1011-160-111
101102,Drag Chain Hopper 2 - Heko Chain,1011-160-111
101103,Platforms & Walkways - Despatch,1011-160-111
101105,Elevator to Silo,1011-160-111
101106,Lump breaker,1011-160-111
101107,Guarding - Despatch,1011-160-111
101108,Bagging Chute,1011-160-111
101109,Static Screen,1011-160-111
101110,#1 - Hopper,1011-160-111
101111,#2 - Hopper,1011-160-111
101114,Silo - exterior ,1011-160-111
101116,Compressor - HLCA 10500,1011-160-300
101119,Roller Door #1 - Bag Store,1011-160-430
101120,Roller Door #2 - Bag Store,1011-160-430
101121,Roller Door #3 - Bag Store,1011-160-430
101122,Roller Door #4 - Bag Store,1011-160-430
101123,Roller Door #5 - Bag Store,1011-160-430
101124,Roller Door #1 - Bulk Store Entry,1011-160-430
101125,Roller Door #2 - Bulk Store Exit,1011-160-430
101126,Roller Door - Despatch Entry,1011-160-430
101127,Roller Door - Despatch Exit,1011-160-430
101132,Elec System -  Main Office,1011-160-430
101133,Elec System - Bulk Store,1011-160-430
101134,Elec System - Bag Store,1011-160-430
101140,MCC - Bulk Material Intake & Despatch,1011-160-310
101141,Main Distribution Board,1011-160-310
101142,Building - External Cladding - Bulk,1011-160-430
101143,Building - External Cladding - Bagging,1011-160-430
101144,Building - External Cladding - Office,1011-160-430
101150,Dust cone,1011-160-111
101151,Rain Gardens,1011-160-370
101201,Electrical Equipment,1012-160-020
101202,Portable Bagging Hopper,1012-160-100
101203,1200kg Jacky bin,1012-160-100
101204,Bagging Hopper (fixed),1012-160-100
101205,Drag Chain Conveyor #1 - Despatch,1012-160-111
101206,Drag Chain Conveyor #2 - Despatch,1012-160-111
101207,Drag Chain Conveyor #3 - Despatch,1012-160-111
101208,Platforms & Walkways - Despatch,1012-160-111
101209,Bucket Elevator - Despatch,1012-160-111
101210,Incline Conveyor - Despatch,1012-160-111
101211,Lump breaker - Despatch,1012-160-111
101212,Elec System - Blender Conveyor #1,1012-160-111
101213,Elec System - Blender Conveyor #2,1012-160-111
101214,Elec System - Blender Conveyor #3,1012-160-111
101215,Elec System - Bucket Elevator,1012-160-111
101216,Elec System - Reciprocating Screen,1012-160-111
101217,Elec System - Lump breaker,1012-160-111
101218,Elec System - Incline Conveyor,1012-160-111
101219,Sulphur Hopper,1012-160-111
101220,Guarding - Despatch,1012-160-111
101221,Recirc Belt,1012-160-111
101222,Return chute - Despatch,1012-160-111
101223,Hopper #3 Guarding,1012-160-111
101224,Loadout Belt,1012-160-111
101225,Loadout chute,1012-160-111
101226,Dust cone,1012-160-111
101227,Reciprocating Screen,1012-160-111
101228,#1 - Hopper,1012-160-111
101229,#2 - Hopper,1012-160-111
101230,#3 - Hopper,1012-160-111
101231,#1 - Hopper Weighing Equipment,1012-160-111
101232,#2 - Hopper Weighing Equipment,1012-160-111
101233,#3 - Hopper Weighing Equipment,1012-160-300
101234,Compressor - precision air,1012-160-300
101235,Main Distribution Board,1012-160-310
101236,Storm Water - Piping,1012-160-350
101237,Stormwater Pond,1012-160-350
101238,Potable Water Pump,1012-160-350
101239,Potable Water Tank,1012-160-350
101240,Boundry - Fencing,1012-160-370
101241,Main Gate - Site,1012-160-370
101242,Roading,1012-160-370
101243,Rapid Door #1 Despatch Entry,1012-160-430
101244,Rapid Door #2 Despatch Exit ,1012-160-430
101245,Roller Door #1 - Bulk Store,1012-160-430
101246,Roller Door #2 - Bulk Store,1012-160-430
101247,Roller Door #3 - Bulk Store,1012-160-430
101248,Roller Door #1- Bag Store,1012-160-430
101249,Roller Door #2 - Bag Store,1012-160-430
101250,Roller Door #3 - Bag Store ,1012-160-430
101251,Roller Door #4 - Bag Store ,1012-160-430
101252,Bulk Store - Concrete Dividing Walls,1012-160-430
101253,Building - External Cladding - Bulk,1012-160-430
101254,Building - External Cladding - Office,1012-160-430
101256,Building Bulk Store,1012-160-430
101257,20' containers ,1012-160-430
101258,Elec -Rapid Door #1Despatch Entry ,1012-160-430
101259,Elec - Rapid Door #2 Despatch Exit ,1012-160-430
101260,Elec - RollerDoor #1 - BulkStore,1012-160-430
101261,Elec - Roller Door #1 - Bag Store ,1012-160-430
101262,Elec - Roller Door #2 - Bag Store ,1012-160-430
101263,Elec - Roller Door #3 - Bag Store ,1012-160-430
101264,Elec - Roller Door #4 - Bag Store,1012-160-430
101265,Elec - RollerDoor #2 - BulkStore,1012-160-430
101266,Elec - Roller Door #3 - Bulk Store,1012-160-430
101270,Emergency Exit Lighting,1012-160-450
101271,Fire Fighting Equipment,1012-160-450
101301,Platforms & Walkways - Intake,1013-160-010
101302,Shuttle Rails - Intake,1013-160-010
101303,Shuttle Conveyor,1013-160-010
101304,Incline Conveyor,1013-160-010
101305,Cross Conveyor,1013-160-010
101306,Intake Conveyor,1013-160-010
101307,Elec System - Intake Conveyor,1013-160-010
101308,Elec System - Cross Conveyor,1013-160-010
101309,Elec System - Shuttle Conveyor,1013-160-010
101310,Truck Lane Control  Bulk Material Intake,1013-160-010
101311,Intake - Distribution - Control,1013-160-010
101312,Guarding - Intake,1013-160-010
101313,Intake Pit,1013-160-010
101314,Hopper - intake,1013-160-010
101315,Bagging Hopper,1013-160-100
101316,Bagging Chute,1013-160-100
101317,Bagging Shaker,1013-160-100
101318,Drag Chain Conveyor #1 - Despatch,1013-160-111
101319,Drag Chain Conveyor #2 - Despatch,1013-160-111
101320,Platforms & Walkways - Despatch,1013-160-111
101321,Bucket Elevator - Despatch,1013-160-111
101322,Incline Conveyor - Despatch,1013-160-111
101323,Truck lane 1 conveyor,1013-160-111
101324,Truck lane 2 conveyor,1013-160-111
101325,Recirculation belt,1013-160-111
101326,Lump Breaker,1013-160-111
101327,Elec System - Blender Conveyor #1,1013-160-111
101328,Elec System - Blender Conveyor #2,1013-160-111
101329,Elec System - Bucket Elevator,1013-160-111
101330,Elec System - Reciprocating Screen,1013-160-111
101331,Elec System - Lump Breaker,1013-160-111
101332,Elec System - Incline Conveyor,1013-160-111
101333,Elec System - Shuttle Conveyor,1013-160-111
101334,Weighing Control Panels - Despatch,1013-160-111
101335,Truck Lane Control - Despatch,1013-160-111
101336,Despatch - Distribution - Control,1013-160-111
101337,Guarding - Despatch,1013-160-111
101338,Diverter / Recirc chute - Despatch,1013-160-111
101339,Mobile stair platform,1013-160-111
101340,Loadout chute,1013-160-111
101341,Dust cone,1013-160-111
101342,Sulphur Hopper,1013-160-111
101343,Reciprocating Screen 1,1013-160-111
101344,Reciprocating Screen 2,1013-160-111
101345,#1 - Hopper,1013-160-111
101346,#2 - Hopper,1013-160-111
101347,#1 - Hopper Weighing Equipment,1013-160-111
101348,#2 - Hopper Weighing Equipment,1013-160-111
101349,Compressor - ALUP,1013-160-300
101350,Compressor - Ceccato,1013-160-300
101351,MCC - Bulk Material Intake & Despatch,1013-160-310
101352,Main Distribution Board,1013-160-310
101353,Storm Water - Piping,1013-160-350
101354,Stormwater Sumps,1013-160-350
101355,Potable Water Pump,1013-160-350
101356,Waste Water Tank level monitoring,1013-160-360
101357,Waste Water Pump #1,1013-160-360
101358,Waste Water Tank #1,1013-160-360
101359,Boundry - Fencing,1013-160-370
101360,Main Gate - Site,1013-160-370
101361,Roading,1013-160-370
101362,Elec System -  Bulk Storage,1013-160-430
101363,Roller Door #1 - Bulk Store,1013-160-430
101364,Roller Door #2 - Bulk Store,1013-160-430
101365,Roller Door #3 - Bulk Store,1013-160-430
101366,Roller Door #4 - Bulk Store,1013-160-430
101367,Roller Door #5 - Bulk Store,1013-160-430
101368,Roller Door #6 - Bulk Store,1013-160-430
101369,Roller Door #7 - Bulk Store,1013-160-430
101370,Roller Door #1 - Bag Store,1013-160-430
101371,Roller Door #2 - Bag Store,1013-160-430
101372,Roller Door #3 - Bag Store,1013-160-430
101373,Bulk Store - Concrete Dividing Walls,1013-160-430
101374,Building - External Cladding - Bulk,1013-160-430
101375,Building - External Cladding - Office,1013-160-430
101376,Building Office,1013-160-430
101377,Building Bag Store,1013-160-430
101378,Weighbridge,1013-160-430
101379,Elec System - Bulk Store,1013-160-430
101380,Elec System - Bag Store,1013-160-430
101381,Emergency_Exit Lighting,1013-160-450
101382,Fire Fighting Equipment,1013-160-450
101460,Rain Gardens x4,1014-160-370
101461,Bulk Store - Concrete Dividing Walls,1014-160-430
101501,Drag Chain Conveyor #1 Hopper - Despatch,1015-160-111
101502,Drag Chain Conveyor #2 Hopper - Despatch,1015-160-111
101503,Platforms & Walkways - Despatch,1015-160-111
101504,Bucket Elevator - Despatch,1015-160-111
101505,Transfer Conveyor - Despatch,1015-160-111
101506,Hammer Mill - Despatch,1015-160-111
101507,Elec System - Blender Conveyor #1,1015-160-111
101508,Elec System - Blender Conveyor #2,1015-160-111
101510,Elec System - Vibrating Screen,1015-160-111
101511,Elec System - Hammer Mill,1015-160-111
101512,Elec System - Transfer Conveyor,1015-160-111
101513,Despatch - Distribution - Control,1015-160-111
101514,Guarding - Despatch,1015-160-111
101515,Vibrating Screen,1015-160-111
101516,Blender Hopper #1,1015-160-111
101517,Blender Hopper #2,1015-160-111
101518,Main Distribution Board,1015-160-310
101519,Bulk Store - Concrete Dividing Walls,1015-160-430
101520,Building - External Cladding - Bulk Store,1015-160-430
101521,Building - External Cladding - Office,1015-160-430
101522,Building - External Cladding - Bag Store,1015-160-430
101523,Building - External Cladding - Intake Building,1015-160-430
101524,Emergency Exit Lighting,1015-160-450
101525,Dust cone,1015-160-111
101527,Compressor - Despatch,1015-160-300
101528,Grassed Area,1015-160-370
101529,Despatch Entry Gate,1015-160-430
101530,Despatch Exit Gate,1015-160-430
101531,Despatch Exit Roller Door,1015-160-430
101532,Bulk Store Entry Roller Door,1015-160-430
101533,Bag Store Roller Door #1,1015-160-430
101534,Bag Store Roller Door #2,1015-160-430
101535,Bag Store Roller Door #3,1015-160-430
101536,Intake Building Entry Gate,1015-160-430
101538,Platforms & Walkways - Intake,1015-160-010
101539,Guarding - Intake,1015-160-010
101540,Intake Pit,1015-160-010
101541,Elec System -  Main Office,1015-160-430
101542,Elec System - Bulk Store,1015-160-430
101543,Elec System - Bag Store,1015-160-430
101544,MCC - Bulk Material Intake,1015-160-310
101545,MCC - Bulk Material Despatch,1015-160-310
101601,Platforms & Walkways - Intake,1016-160-010
101602,Shuttle Rails - Intake,1016-160-010
101603,Elec System - Intake Conveyor,1016-160-010
101604,Elec System - Shuttle Conveyor,1016-160-010
101605,Intake - Distribution - Control,1016-160-010
101606,Shuttle Winch - Intake,1016-160-010
101607,Guarding - Intake,1016-160-010
101608,Intake Pit,1016-160-010
101609,Drag Chain Conveyor #1 - Despatch,1016-160-111
101610,Drag Chain Conveyor #2 - Despatch,1016-160-111
101611,Platforms & Walkways - Despatch,1016-160-111
101613,Elec System - Blender Conveyor #1,1016-160-111
101614,Despatch - Distribution - Control,1016-160-111
101615,Guarding - Despatch,1016-160-111
101616,Reciprocating Screen,1016-160-111
101617,#1 - Hopper Weighing Equipment,1016-160-111
101618,#2 - Hopper Weighing Equipment,1016-160-111
101619,MCC - Bulk Material Intake & Despatch,1016-160-310
101621,HVac - MCC Switch Room,1016-160-310
101622,Main Distribution Board,1016-160-310
101623,Portable Water System,1016-160-350
101626,Office - Effluent,1016-160-360
101628,Grassed Area,1016-160-370
101629,Internal - Fencing,1016-160-370
101630,Main Gate - Site,1016-160-370
101631,Elec System -  Bulk Storage,1016-160-430
101632,Roller Door #1 Bulk Store East - D09,1016-160-430
101633,Roller Door #1 - Bag Store - D18,1016-160-430
101634,Roller Door #2 - Bag Store - D17,1016-160-430
101635,Roller Door #3 - Bag Store - D16,1016-160-430
101636,Roller Door #4 - Bag Store - D17,1016-160-430
101637,Roller Door #5 - Bag Store - D18,1016-160-430
101638,Roller Door #6 - Bag Store - D15,1016-160-430
101639,Roller Door #2 Bulk Store North - D03,1016-160-430
101640,Bulk Store - Barrier,1016-160-430
101641,Building - External Cladding - Bulk/Bag,1016-160-430
101642,Building - External Cladding - Office,1016-160-430
101644,Elec System -  Main Office,1016-160-430
101646,Elec System - Bulk Store,1016-160-430
101647,Elec System - Bag Store,1016-160-430
101648,Site Tools,1016-160-450
101649,Office Furniture,1016-160-450
101650,Shuttle Conveyor Winch,1016-160-010
101651,Elec System - Bucket Elevator,1016-160-111
101652,Elec System - Reciprocating Screen,1016-160-111
101653,Elec System - Lump Breaker,1016-160-111
101654,Platforms & Walkways - Shuttle Conveyor - Intake,1016-160-010
101655,Intake Hopper Cover ,1016-160-010
101656,Reciprocating Screen Recirc chute,1016-160-111
101808,Intake Pit,1018-160-010
101810,Drag Chain Conveyor #1 - Despatch,1018-160-111
101811,Drag Chain Conveyor #2 - Despatch,1018-160-111
101817,Elec System - Bucket Elevator,1018-160-111
101818,Elec System - Lump Breaker,1018-160-111
101820,Guarding - Despatch,1018-160-111
101821,Bagging Chute,1018-160-111
101822,Dust cone,1018-160-111
101827,Compressor,1018-160-300
101830,Roller Door #1 - Bulk Store,1018-160-430
101831,Roller Door 1 - Despatch,1018-160-430
101832,Roller Door 2 - Despatch,1018-160-430
101833,Roller Door #1 - Old Bag Store,1018-160-430
101834,Roller Door - Bag Store,1018-160-430
101835,Bulk Store - Concrete Dividing Walls,1018-160-430
101840,Elec System -  Main Office,1018-160-430
101841,Elec System - Bulk Store,1018-160-430
101845,Building - External Cladding - Bulk,1018-160-430
101846,Building - External Cladding - Bagging,1018-160-430
101847,Building - External Cladding - Office,1018-160-430
101848,Stormwater/Effluent/Raingarden,1018-160-350
101849,MCC - Bulk Material Intake & Despatch,1018-160-310
101850,Platforms & Walkways - Intake,1018-160-010
101851,Guarding - Intake,1018-160-010
101901,Platforms & Walkways - Despatch,1019-160-111
101902,Short Incline Conveyor,1019-160-111
101903,Dispatch Hopper  - Transfer Conveyor,1019-160-111
101904,Lump breaker,1019-160-111
101906,Elec System - Short Incline Conveyor,1019-160-111
101907,Elec System - Lump Breaker,1019-160-111
101908,Discharge Chute,1019-160-111
101910,Despatch Hopper,1019-160-111
101921,Roller Door #1 - Bulk Store,1019-160-430
101924,Roller Door #1 - Bag Store,1019-160-430
101925,Roller Door #2 - Bag Store,1019-160-430
101926,Bulk Store - Concrete Dividing Walls,1019-160-430
101930,Building Bag Store,1019-160-430
101934,Pallet stacker,1019-160-430
101935,Drag Chain Conveyor #1,1019-160-111
101940,Building - External Cladding - Bulk,1019-160-430
101941,Building - External Cladding - Bagging,1019-160-430
101942,Building - External Cladding - Office,1019-160-430
101943,Roading,1019-160-370
101944,Boundry - Fencing,1019-160-370
101946,Main Distribution Board,1019-160-310
101947,MCC - Bulk Material Intake & Despatch,1019-160-310
101950,Stormwater Pond,1019-160-350
101951,Guarding - Despatch,1019-160-111
115501,Platforms & Walkways - Despatch,1155-160-111
115502,Bucket Elevator - Despatch,1155-160-111
115503,Transfer Conveyor - Despatch,1155-160-111
115506,Reciprocating Screen,1155-160-111
115507,Guarding - Despatch,1155-160-111
115511,#1 - Hopper,1155-160-111
115512,#2 - Hopper,1155-160-111
115514,Elec System - Bulk Store,1155-160-430
115517,Emergency Exit Lighting,1155-160-450
115518,Boundry - Fencing,1155-160-370
115519,Fire Fighting Equipment,1155-160-450
115520,Roading,1155-160-370
115535,Drag Chain Conveyor #1 - Despatch,1155-160-111
115536,Drag Chain Conveyor #2 - Despatch,1155-160-111
115537,Loadout Chute,1155-160-111
115538,Roller Door #1 - Bulk Store Entry,1155-160-430
115539,Roller Door #2 - Bulk Store Exit,1155-160-430
115540,Roller Door #1 - Bag Store Entry,1155-160-430
115541,Rapid Door #1 Bulk Store Entry,1155-160-430
115542,Rapid Door #2 Bulk Store Exit,1155-160-430
115543,1.2t Jacky bin x10,1155-160-111
115544,Bagging Hopper,1155-160-100
115545,Building Bag Store,1155-160-430
115546,Bulk Store - Concrete Dividing Walls,1155-160-430
115547,20' Storage Container,1155-160-430
115548,Pallet stacker,1155-160-430
115549,Side Bin Conveyor - Despatch,1155-160-111
115550,Building - External Cladding - Bag Store,1155-160-430
115551,Building - External Cladding - Bulk Store,1155-160-430
115552,Building - External Cladding - Office,1155-160-430
115553,Building - Office,1155-160-430
115555,MCC - Bulk Material and Despatch,1155-160-310
115556,Air Compressor ALUP,1155-160-300
115557,Stormwater Pond,1155-160-350
135201,Drag Chain Conveyor #1 - Despatch,1352-160-111
135202,Drag Chain Conveyor #2 - Despatch,1352-160-111
135203,Bucket Elevator - Despatch,1352-160-111
135204,Incline Conveyor - Despatch,1352-160-111
135205,#1 - Hopper Weighing Equipment,1352-160-111
135206,Platforms & Walkways - Despatch,1352-160-111
135207,Reciprocating Screen,1352-160-111
135208,Flail Mill - Despatch,1352-160-111
135209,Diverter - Despatch,1352-160-111
135210,Loadout chute,1352-160-111
135211,Despatch - Distribution - Control,1352-160-111
135212,Guarding - Despatch,1352-160-111
135213,#1 - Hopper,1352-160-111
135214,#2 - Hopper,1352-160-111
135215,Site - Transformer,1352-160-310
135216,Main Distribution Board,1352-160-310
135217,Roading,1352-160-370
135218,AshAir compressor,1352-160-300
135219,Roller Door #1 - Bulk Storage,1352-160-430
135220,Roller Door #2 - Bulk Storage,1352-160-430
135221,Roller Door #3 - Bulk Storage,1352-160-430
135222,Bulk Store - Pallet racking 14 bays,1352-160-430
135223,Bulk Store - Concrete Dividing Walls,1352-160-430
135224,Building - External Cladding - Bulk Storage,1352-160-430
135225,Building - External Cladding - Office,1352-160-430
135226,Building - Office,1352-160-430
135227,MYM800 Building - Bell Block,1352-160-430
135228,Elec System -  Main Office,1352-160-430
135229,Bagging Chute,1352-160-100
135230,1200kg Jacky bins,1352-160-100
135232,QMV2015- Loader - Volvo L60F -Bellblock,1352-160-440
135233,MMV1219 - HELI CPD35 Li-H Electric,1352-160-440
135401,1200kg Jacky bins,1354-160-100
135402,Ladder and platform,1354-160-100
135403,Drag Chain Conveyor #1 - Despatch,1354-160-111
135404,Platforms & Walkways - Despatch,1354-160-111
135405,Bucket Elevator - Despatch,1354-160-111
135406,Flail Mill - Despatch,1354-160-111
135407,Elec System - Blender Conveyor #1,1354-160-111
135408,Elec System - Bucket Elevator,1354-160-111
135409,Elec System - Reciprocating Screen,1354-160-111
135410,Elec System - Flail Mill,1354-160-111
135411,Elec System - Divertor,1354-160-111
135412,Weighing Control Panels - Despatch,1354-160-111
135413,Despatch - Distribution - Control,1354-160-111
135414,Guarding - Despatch,1354-160-111
135415,Diverter / Recirc chute - Despatch,1354-160-111
135416,Bagging Chute,1354-160-111
135417,Pallet stacker,1354-160-430
135418,Reciprocating Screen,1354-160-111
135419,#1 - Hopper,1354-160-111
135420,#1 - Hopper Weighing Equipment,1354-160-111
135421,Compressor - AshAir,1354-160-300
135422,Compressed Air Lines - Despatch,1354-160-300
135423,Site - Transformer,1354-160-310
135424,Main Distribution Board,1354-160-310
135425,Storm Water - Piping,1354-160-350
135426,Stormwater Sumps,1354-160-350
135427,Stormwater Mechanical Equipment,1354-160-350
135428,Stormwater Tank,1354-160-350
135429,Roller Door #1 - Bulk Store,1354-160-430
135430,Roller Door #2 - Bulk Store,1354-160-430
135431,Roller Door #3 - Bulk Store,1354-160-430
135432,Bulk Store - Concrete Dividing Walls,1354-160-430
135433,Building - External Cladding - Bulk,1354-160-430
135434,Building - External Cladding - Office,1354-160-430
135435,Elec System -  Main Office,1354-160-430
135436,HVac - Main Office,1354-160-430
135437,Emergency_Exit Lighting,1354-160-450
135438,Silo storage,1354-160-450
135501,2400kg Jacky bin,1355-160-100
135502,Mobile stair platform,1355-160-100
135503,Drag Chain Conveyor #1 - Despatch,1355-160-111
135504,Drag Chain Conveyor #2 - Despatch,1355-160-111
135505,Platforms & Walkways - Despatch,1355-160-111
135506,Flail Mill - Despatch,1355-160-111
135507,Elec System - Blender Conveyor #1,1355-160-111
135508,Elec System - Blender Conveyor #2,1355-160-111
135509,Elec System - Bucket Elevator,1355-160-111
135510,Elec System - Reciprocating Screen,1355-160-111
135511,Elec System - Flail Mill,1355-160-111
135512,Elec System - Incline Conveyor,1355-160-111
135513,Weighing Control Panels - Despatch,1355-160-111
135514,Despatch - Distribution - Control,1355-160-111
135515,Guarding - Despatch,1355-160-111
135516,Loadout chute,1355-160-111
135517,Dust cone,1355-160-111
135518,Reciprocating Screen,1355-160-111
135519,#1 - Hopper,1355-160-111
135520,#1 - Hopper Weighing Equipment,1355-160-111
135521,#2 - Hopper Weighing Equipment,1355-160-111
135522,Compressor - AshAir,1355-160-300
135523,Site - Transformer,1355-160-310
135524,Main Distribution Board,1355-160-310
135525,Storm Water - Piping,1355-160-350
135526,Stormwater Sumps,1355-160-350
135527,Stormwater Mechanical Equipment,1355-160-350
135528,Stormwater Tank,1355-160-350
135529,Roller Door #1 - Bulk Store,1355-160-430
135530,Roller Door #2 - Bulk Store,1355-160-430
135531,Roller Door #3 - Bulk Store,1355-160-430
135532,Roller Door #4 - Bulk Store,1355-160-430
135533,Roller Door #5 - Bag Store,1355-160-430
135534,Bulk Store - Concrete Dividing Walls,1355-160-430
135535,Building - External Cladding - Bulk,1355-160-430
135536,Building - External Cladding - Office,1355-160-430
135537,Building Bag Store,1355-160-430
135538,Elec System -  Main Office,1355-160-430
135539,HVAC - Main Office,1355-160-430
135540,Emergency_Exit Lighting,1355-160-450
162101,Drag Chain Conveyor #1 - Despatch,1621-160-111
162102,Platforms & Walkways - Despatch,1621-160-111
162103,Bucket Elevator - Despatch,1621-160-111
162104,Flail Mill - Despatch,1621-160-111
162109,Weighing Control Panels - Despatch,1621-160-111
162110,Despatch - Distribution - Control,1621-160-111
162111,Guarding - Despatch,1621-160-111
162112,Loadout chute,1621-160-111
162113,Reciprocating Screen,1621-160-111
162114,#1 - Hopper,1621-160-111
162115,#1 - Hopper Weighing Equipment,1621-160-111
162116,Compressor Hinand Industries,1621-160-300
162117,MCC - Bulk Material Intake & Despatch,1621-160-310
162118,Main Distribution Board,1621-160-310
162119,Potable Water Pump,1621-160-350
162120,Waste Water System Piping,1621-160-360
162121,Main Gate - Site,1621-160-370
162122,Roading,1621-160-370
162123,Roller Door #1 - Bulk Store,1621-160-430
162124,Roller Door #2 - Bulk Store,1621-160-430
162125,Bulk Store - Concrete Dividing Walls,1621-160-430
162126,Building - External Cladding - Bulk,1621-160-430
162127,Building - External Cladding - Office,1621-160-430
162128,Roller Door #1 - Despatch Entry,1621-160-430
162129,Roller Door #2 - Despatch Exit ,1621-160-430
162130,Elec System -  Main Office,1621-160-430
162133,Pallet stacker,1621-160-430
162134,Volvo loader L60E MMV 1006 CMH704,1621-160-440
162150,Building - Bag Store,1621-160-430
162151,Containers ,1621-160-430
164501,1.2t Jacky bins,1645-160-020
164502,Incline conveyor,1645-160-100
164503,Bagging infeed conveyor,1645-160-100
164504,Drag Chain Conveyor #1 - Despatch,1645-160-111
164505,Drag Chain Conveyor #2 - Despatch,1645-160-111
164506,Platforms & Walkways - Despatch,1645-160-111
164507,Bucket Elevator - Despatch,1645-160-111
164508,Loadout conveyor,1645-160-111
164509,Flail Mill - Despatch,1645-160-111
164515,Weighing Control Panels - Despatch,1645-160-111
164516,Despatch - Distribution - Control,1645-160-111
164517,Guarding - Despatch,1645-160-111
164518,Diverter / Recirc chute - Despatch,1645-160-111
164519,Loadout chute,1645-160-111
164520,Dust cone,1645-160-111
164521,Reciprocating Screen,1645-160-111
164522,#1 - Hopper,1645-160-111
164523,#2 - Hopper,1645-160-111
164524,#1 - Hopper Weighing Equipment,1645-160-111
164525,#2 - Hopper Weighing Equipment,1645-160-111
164526,Compressor - Hindin Industries,1645-160-300
164527,Compressed Air Lines,1645-160-300
164528,MCC - Bulk Material Intake & Despatch,1645-160-310
164529,Site - Transformer,1645-160-310
164530,Main Distribution Board,1645-160-310
164531,Potable Water System,1645-160-350
164532,Storm Water - Piping,1645-160-350
164533,Stormwater Sumps,1645-160-350
164534,Waste Water Pump #1,1645-160-360
164535,Main Gate - Site,1645-160-370
164537,Roller Door #1 - Bulk Store,1645-160-430
164538,Roller Door #2 - Bulk Store,1645-160-430
164539,Roller Door #3 - Bulk Store,1645-160-430
164540,Roller Door #1 - Bag Store,1645-160-430
164541,Roller Door #2 - Bag Store,1645-160-430
164542,Bulk Store - Concrete Dividing Walls,1645-160-430
164543,Building - External Cladding - Bulk,1645-160-430
164544,Building - External Cladding - Office,1645-160-430
164545,Roller Door #1 - Despatch Entry,1645-160-430
164546,Roller Door #2 - Despatch Exit,1645-160-430
164547,Building - Office,1645-160-430
164556,Pallet stacker,1645-160-430
164601,Bucket Elevator,1646-160-010
164602,1200kg Jacky bin,1646-160-100
164603,Drag Chain Conveyor #1 - Despatch,1646-160-111
164604,Platforms & Walkways - Despatch,1646-160-111
164605,Bucket Elevator - Despatch,1646-160-111
164606,Lump Breaker - Despatch,1646-160-111
164607,Elec System - Bucket Elevator,1646-160-111
164608,Elec System - Reciprocating Screen,1646-160-111
164609,Elec System - Lump Breaker,1646-160-111
164610,Despatch - Distribution - Control,1646-160-111
164611,Guarding - Despatch,1646-160-111
164612,Diverter / Recirc chute - Despatch,1646-160-111
164613,Dust cone,1646-160-111
164614,Reciprocating Screen,1646-160-111
164615,#1 - Hopper,1646-160-111
164616,Compressor - Air Command,1646-160-300
164617,Internal - Fencing,1646-160-370
164619,Main Gate - Site,1646-160-370
164621,Rapid Door #1  Despatch Entry,1646-160-430
164622,Rapid Door #2 Despatch Exit,1646-160-430
164623,Roller Door #1 - Bulk Store,1646-160-430
164624,Roller Door #2 - Bulk Store,1646-160-430
164625,Roller Door #3 - Bulk Store,1646-160-430
164626,Roller Door #4 - Bulk Store,1646-160-430
164627,Roller Door #5 - Bag Store,1646-160-430
164628,Bulk Store - Concrete Dividing Walls,1646-160-430
164629,Building - External Cladding - Bulk,1646-160-430
164630,Building - External Cladding - Office,1646-160-430
164632,Building Bulk Store,1646-160-430
164633,Fire Alarm Bulk Store,1646-160-430
164634,Elec -Rapid Door #1 Despatch Entry,1646-160-430
164635,Elec - Rapid Door #2 Despatch Exit,1646-160-430
164638,Plant Safety - Despatch,1646-160-450
164639,Plant Safety - Bulk Material Intake,1646-160-450
164640,Emergency Exit Lighting,1646-160-450
164641,Fire Fighting Equipment,1646-160-450
164650,Building Bag Store,1646-160-430
171501,Bagging Chute,1715-160-111
171502,Dust cone,1715-160-111
171503,Sulphur Hopper,1715-160-111
171504,Roller Door #5 - Bag Store,1715-160-430
171505,Bulk Store - Concrete Dividing Walls,1715-160-430
171506,Elec - Roller Door #5 - Bag Store,1715-160-430
171507,Pallet stacker,1715-160-430
220001,Platforms & Walkways - CV101,2200-160-010
220002,Platforms & Walkways - CV102,2200-160-010
220003,Platforms & Walkways - CV103,2200-160-010
220004,Platforms & Walkways - CV104,2200-160-010
220005,Platforms & Walkways - Over Pit,2200-160-010
220006,Platforms & Walkways - Cross Over Bins,2200-160-010
220007,IG01 Intake Grid and Baffles,2200-160-010
220008,CV101 Hopper Conveyor/Lump Breaker,2200-160-010
220009,CV102 Incline Conveyor,2200-160-010
220010,CV103 Incline Conveyor,2200-160-010
220011,CV104 Conveyor,2200-160-010
220012,Power - Intake General,2200-160-010
220013,Power - CV101 Hopper Conveyor/Lump Breaker,2200-160-010
220014,Power - CV102 Incline Conveyor,2200-160-010
220015,Power - CV103 Incline Conveyor,2200-160-010
220016,Power - CV104 Conveyor,2200-160-010
220017,Power - Tripper Cart,2200-160-010
220018,Process Safety - Pit Gas Monitoring,2200-160-010
220019,CV104 Tripper Cart,2200-160-010
220020,CV104B Tripper Winch,2200-160-010
220021,Guarding - Fence Guards,2200-160-010
220022,IH01 Hopper - Intake,2200-160-010
220023,Weigher - CV102 Under belt,2200-160-010
220024,Platforms & Walkways - 1T Line,2200-160-100
220025,Blower - bag inflation - BL303A,2200-160-100
220026,Blower - dust extraction - BL303B,2200-160-100
220027,Filter FL303B,2200-160-100
220028,Compressed Air Lines - 1T Line,2200-160-100
220029,Elect System - 1T Line Bag Conveyor,2200-160-100
220030,Elect System - Pallet Dispenser Pallet Conveyor,2200-160-100
220031,Weighing Control Panels - 1T Line,2200-160-100
220032,Pallet Dispenser Control Panel,2200-160-100
220033,Pallet Dispenser  - PD304,2200-160-100
220034,Pallet Wrapper,2200-160-100
220035,Guarding - 1T Line,2200-160-100
220036,Surge Hopper S3,2200-160-100
220037,Net Weighing Hopper S2,2200-160-100
220038,Structure - 20kg Line,2200-160-101
220039,Elect System - 20kg Line Bag Conveyor,2200-160-101
220040,Elect System - Sewing Machine,2200-160-101
220041,Weighing Control Panels - 20kg Line,2200-160-101
220042,Surge Hopper S4,2200-160-101
220043,Equipment Support Structures - Despatch,2200-160-110
220044,Platforms & Walkways - Despatch,2200-160-110
220045,Shuttle Rails - Despatch,2200-160-110
220046,Control Booth - Despatch,2200-160-110
220047,Containerised Switchroom - Despatch,2200-160-110
220048,Blender Central Conveyor TC1,2200-160-110
220049,Inclined Conveyor TC2,2200-160-110
220050,Inclined Conveyor TC3,2200-160-110
220051,Inclined Conveyor TC4,2200-160-110
220052,Conveyor TC6,2200-160-110
220053,Shuttle Conveyor TC5,2200-160-110
220054,Shuttle Conveyor TC7,2200-160-110
220055,Dust Cones TC5,2200-160-110
220056,Dust Cones TC7,2200-160-110
220057,Inclined Conveyor TC8,2200-160-110
220058,Blender Dosing Conveyor 251A,2200-160-110
220059,Blender Dosing Conveyor 251B,2200-160-110
220060,Blender Dosing Conveyor 252A,2200-160-110
220061,Blender Dosing Conveyor 252B,2200-160-110
220062,Blender Dosing Conveyor 253A,2200-160-110
220063,Blender Dosing Conveyor 253B,2200-160-110
220064,Blender Dosing Conveyor 254A,2200-160-110
220065,Blender Dosing Conveyor 254B,2200-160-110
220066,Blender Dosing Conveyor 255A,2200-160-110
220067,Blender Dosing Conveyor 255B,2200-160-110
220068,Blender Dosing Conveyor 256A,2200-160-110
220069,Blender Dosing Conveyor 256B,2200-160-110
220070,Blender Dosing Conveyor 257A,2200-160-110
220071,Blender Dosing Conveyor 257B,2200-160-110
220072,Blender Dosing Conveyor 258,2200-160-110
220073,Blender Dosing Conveyor 259A,2200-160-110
220074,Blender Dosing Conveyor 259B,2200-160-110
220075,Blender Dosing Conveyor 260A,2200-160-110
220076,Blender Dosing Conveyor 260B,2200-160-110
220077,Blender Dosing Conveyor 261A,2200-160-110
220078,Blender Dosing Conveyor 261B,2200-160-110
220079,Blender Dosing Conveyor 262,2200-160-110
220080,Blender Dosing Conveyor 263,2200-160-110
220081,Blender Dosing Conveyor 264,2200-160-110
220082,Blender Dosing Conveyor 265,2200-160-110
220083,Blender Dosing Conveyor 266,2200-160-110
220084,Blender Dosing Conveyor 267,2200-160-110
220085,Lump Breaker FC1,2200-160-110
220086,Elec System - Blender Central Conveyor TC1,2200-160-110
220087,Elec System - Inclined Conveyor TC2,2200-160-110
220088,Elec System - Inclined Conveyor TC3,2200-160-110
220089,Elec System - Inclined Conveyor TC4,2200-160-110
220090,Elec System - Conveyor TC6,2200-160-110
220091,Elec System - Dust Cones TC5,2200-160-110
220092,Elec System - Dust Cones TC7,2200-160-110
220093,Elec System - Inclined Conveyor TC8,2200-160-110
220094,Elec System - Blender Dosing Conveyor 251A,2200-160-110
220095,Elec System - Blender Dosing Conveyor 251B,2200-160-110
220096,Elec System - Blender Dosing Conveyor 252A,2200-160-110
220097,Elec System - Blender Dosing Conveyor 252B,2200-160-110
220098,Elec System - Blender Dosing Conveyor 253A,2200-160-110
220099,Elec System - Blender Dosing Conveyor 253B,2200-160-110
220201,Incline Conveyor,2202-160-010
220202,Elec System - Bucket Elevator,2202-160-010
220203,Elec System - Hopper Vibrator #1,2202-160-010
220204,Drag Chain Conveyor #1 - Despatch,2202-160-111
220205,Platforms & Walkways - Despatch,2202-160-111
220206,Elec System - Blender Conveyor #1,2202-160-111
220207,Elec System - Reciprocating Screen,2202-160-111
220208,Elec System - Lump Breaker,2202-160-111
220209,Elec System - Incline Conveyor,2202-160-111
220210,Weighing Control Panels - Despatch,2202-160-111
220211,Guarding - Despatch,2202-160-111
220212,Sulphur bin,2202-160-111
220213,1200kg Jacky bin,2202-160-111
220214,Reciprocating Screen,2202-160-111
220215,#1 - Hopper Weighing Equipment,2202-160-111
220216,Compressor - Air Command,2202-160-300
220217,Compressed Air Lines,2202-160-300
220218,Site - Transformer,2202-160-310
220219,Main Distribution Board,2202-160-310
220220,Stormwater Pond,2202-160-350
220221,Waste Water System Piping,2202-160-360
220222,Office - Effluent,2202-160-360
220223,Grassed Area,2202-160-370
220224,Internal - Fencing,2202-160-370
220225,Boundry - Fencing,2202-160-370
220226,Main Gate - Site,2202-160-370
220227,Roading,2202-160-370
220228,Elec System -  Bulk Storage,2202-160-430
220229,Bulk Store Sliding doors,2202-160-430
220230,Bag Store Sliding door,2202-160-430
220231,Bulk store gates,2202-160-430
220232,Bulk Store - Concrete Dividing Walls,2202-160-430
220233,Building - External Cladding - Bulk,2202-160-430
220234,Building - External Cladding - Office,2202-160-430
220235,Weighbridge Office,2202-160-430
220236,Building - Office,2202-160-430
220237,Building Bag Store,2202-160-430
220238,Elec System -  Main Office,2202-160-430
220239,Elec System - Bulk Store,2202-160-430
220240,Elec System - Bag Store,2202-160-430
220241,Pallet stacker,2202-160-430
220242,Emergency Exit Lighting,2202-160-450
220243,Fire Fighting Equipment,2202-160-450
220301,Drag Chain Conveyor #1 - Despatch,2203-160-111
220302,Platforms & Walkways - Despatch,2203-160-111
220303,Elec System - Blender Conveyor #1,2203-160-111
220304,Elec System - Bucket Elevator,2203-160-111
220305,Elec System - Reciprocating Screen,2203-160-111
220306,Elec System - Flail Mill,2203-160-111
220307,Elec System - Incline Conveyor,2203-160-111
220308,Weighing Control Panels - Despatch,2203-160-111
220309,Guarding - Despatch,2203-160-111
220310,Diverter / Recirc chute - Despatch,2203-160-111
220311,Bucket elevator infeed chute,2203-160-111
220312,Sulphur Bin,2203-160-111
220313,#1 - Hopper Weighing Equipment,2203-160-111
220314,Compressor - Intake,2203-160-300
220315,Compressed Air Lines - Intake,2203-160-300
220316,Site - Transformer,2203-160-310
220317,Main Distribution Board,2203-160-310
220318,Potable Water Pump,2203-160-350
220319,Potable Water Tank,2203-160-350
220320,Boundry - Fencing,2203-160-370
220321,Roading,2203-160-370
220322,Elec System -  Bulk Storage,2203-160-430
220323,Roller Door #1 - Bag Store,2203-160-430
220324,Roller Door #2 - Bag Store,2203-160-430
220325,Bulk Store - Concrete Dividing Walls,2203-160-430
220326,Building - External Cladding - Bulk,2203-160-430
220327,Building - External Cladding - Office,2203-160-430
220328,Roller Door #1 - Despatch Entry,2203-160-430
220329,Roller Door #2 - Despatch Exit,2203-160-430
220330,Building Office,2203-160-430
220331,Building Bag Store,2203-160-430
220332,Elec System -  Main Office,2203-160-430
220333,Elec System - Bulk Store,2203-160-430
220334,Elec System - Bag Store,2203-160-430
220335,Emergency Exit Lighting,2203-160-450
220336,Fire Fighting Equipment,2203-160-450
220801,Drag Chain Conveyor #1 - Despatch,2208-160-111
220802,Platforms & Walkways - Despatch,2208-160-111
220806,Weighing Control Panels - Despatch,2208-160-111
220807,Sulphur hopper,2208-160-111
220808,Guarding - Despatch,2208-160-111
220809,1200kg Jacky bin,2208-160-111
220810,Bagging Chute,2208-160-111
220811,Loadout chute,2208-160-111
220812,#1 - Hopper Weighing Equipment,2208-160-111
220813,Platform scales,2208-160-111
220814,Compressor - Air Command,2208-160-300
220815,Compressed Air Lines,2208-160-300
220816,Site - Transformer,2208-160-310
220817,Main Distribution Board,2208-160-310
220818,Boundry - Fencing,2208-160-370
220819,Roading,2208-160-370
220820,Elec System -  Bulk Storage,2208-160-430
220821,Roller Door #1 - Bulk Store,2208-160-430
220822,Roller Door #2 - Bulk Store,2208-160-430
220823,Roller Door #3 - Bulk Store,2208-160-430
220824,Roller Door #1 - Bag Store,2208-160-430
220825,Roller Door #2 - Bag Store,2208-160-430
220826,Bulk Store - Concrete Dividing Walls,2208-160-430
220827,Building - External Cladding - Bulk,2208-160-430
220828,Building - External Cladding - Office,2208-160-430
220829,Building - Office,2208-160-430
220830,Building Bag Store,2208-160-430
220834,Pallet stacker,2208-160-430
220901,Drag Chain Conveyor #1 - Despatch,2209-160-111
220902,Drag Chain Conveyor #2 - Despatch,2209-160-111
220903,Platforms & Walkways - Despatch,2209-160-111
220904,Incline Conveyor 2 - Despatch,2209-160-111
220905,Incline Conveyor 3 - Despatch,2209-160-111
220906,Elec System - Blender Conveyor #1,2209-160-111
220907,Elec System - Blender Conveyor #2,2209-160-111
220908,Elec System - Reciprocating Screen,2209-160-111
220909,Elec System - Lump Breaker,2209-160-111
220910,Elec System - Incline Conveyor 1,2209-160-111
220911,Elec System - Incline Conveyor 2,2209-160-111
220912,Elec System - Incline Conveyor 3,2209-160-111
220913,Weighing Control Panels - Despatch,2209-160-111
220914,Despatch - Distribution - Control,2209-160-111
220915,Guarding - Despatch,2209-160-111
220916,Reciprocating Screen,2209-160-111
220917,#2 - Hopper,2209-160-111
220918,#1 - Hopper Weighing Equipment,2209-160-111
220919,#2 - Hopper Weighing Equipment,2209-160-111
220920,Compressor - ALUP,2209-160-300
220921,Compressed Air Lines,2209-160-300
220922,Site - Transformer,2209-160-310
220923,Main Distribution Board,2209-160-310
220924,Rain Gardens,2209-160-370
220925,Boundry - Fencing,2209-160-370
220926,Main Gate - Site,2209-160-370
220927,Roading,2209-160-370
220928,Elec System -  Bulk Storage,2209-160-430
220929,Rapid Door #1 Despatch Entry,2209-160-430
220930,Rapid Door #2 Despatch Exit,2209-160-430
220931,Bulk Store - Concrete Dividing Walls,2209-160-430
220932,Building - External Cladding - Bulk,2209-160-430
220933,Building - External Cladding - Office,2209-160-430
220934,Building - Office Portacom,2209-160-430
220935,Elec System -  Main Office,2209-160-430
220936,Elec System - Bulk Store,2209-160-430
220937,Elec -Rapid Door #1 Despatch Entry,2209-160-430
220938,Elec - Rapid Door #2 Despatch Exit,2209-160-430
220939,Pallet stacker,2209-160-430
220940,MMV1211 Hyundai Loader HL757-9,2209-160-440
220941,Electric sweeper - Eureka ride on,2209-160-440
220942,Emergency Exit Lighting,2209-160-450
220943,Fire Fighting Equipment,2209-160-450
480101,SMB101 Rock & Potash Store - Store 3,4801-040-020
480102,SMB101 Rock & Potash Store - Store 4,4801-040-020
480103,SMB101 Rock & Potash Store - Store 5,4801-040-020
480104,SMB101 Rock & Potash Store - Store 6,4801-040-020
480105,SMB101 Rock & Potash Store - Store 6 Annex,4801-040-020
480106,SMB101 Rock & Potash Store - Rock Tunnel,4801-040-020
480107,SAB104 Acid Loading Drivers Shed,4801-080-430
480108,SAB105 Cladding Storage Shed,4801-080-430
480109,SSM101 GA55 Air Compressor,4801-120-300
480110,SSB104 Compressor Shed,4801-120-360
480111,SSB105 Pump House,4801-120-450
480112,SSB106 Liquid Caustic Dosing Shed,4801-120-450
480113,SDB107 Building - Store No 7 – Annex,4801-110-20
480114,SDB103 Blending Loadout – Dressed Product Bins 1 to 9,4801-110-020
480115,SDB103 Blending Loadout – Bins 10 to 13,4801-110-020
480116,SDB103 Despatch Outfeed 1 & 2,4801-110-020
480117,SDB103 Despatch Outfeed 3,4801-110-020
480118,SDB103 Despatch Infeed 1,4801-110-020
480119,SDB103 Despatch Infeed 2,4801-110-020
480120,SDB103 Rail Tunnel,4801-110-020
480121,SDB103 Despatch Plant,4801-110-020
480122,SDB109 Bag Store – No 9 Store (48),4801-110-020
480123,SDB109 Bag Store – Bagging Plant – 20kg (24 - west),4801-110-020
480124,SDB109 Bag Store – Bagging Plant – 500/1000kg (24 - east),4801-110-020
480125,SDB109 Bag Store – Bagging Day Bins (51),4801-110-020
480126,SDB109 Bag Store – Bag Storage (52),4801-110-020
480127,SDB108 Bag Store – No 8 Store (47 - north),4801-110-020
480128,SDB108 Bag Store – Bag Storage (47 - south) ,4801-110-020
480129,SMM205 Scrubber Structure and Walkways – Stage 1 & 2,4801-100-220
480130,SMM205 Scrubber Structure and Walkways – Stage 3 & 4,4801-100-220
480131,SMB201 Building Manufacture – Stage 3 & 4 Bunds ,4821-100-280
481510,Guarding - Despatch,4815-160-111
481511,Loadout chute,4815-160-111
481512,#1 - Hopper Weighing Equipment,4815-160-111
481513,Compressor - Puma,4815-160-300
481514,Compressed Air Lines - Despatch,4815-160-300
481515,Main Distribution Board,4815-160-310
481516,Generator - ToolineHY22i 2.2kw,4815-160-310
481517,Truck Wash - Piping,4815-160-350
481518,Truckwash Contaminate Separation Sumps,4815-160-350
481519,Waste Water System Piping,4815-160-360
481520,Waste Water Tank #1,4815-160-360
481521,Boundry - Fencing,4815-160-370
481522,Roading,4815-160-370
481524,Roller Door #1 - Bulk Store,4815-160-430
481525,Roller Door #2 - Bulk Store,4815-160-430
481526,Roller Door #3 - Bag Store,4815-160-430
481527,Bulk Store - Concrete Dividing Walls,4815-160-430
481528,Building - External Cladding - Bulk store,4815-160-430
481529,Building - External Cladding - Office,4815-160-430
481530,Building - Weighbridge,4815-160-430
481531,Building - Office,4815-160-430
481532,Building Bag Store,4815-160-430
481536,Pallet stacker,4815-160-430
482810,Building - Office,4828-160-430
482811,40' containers (bag storage),4828-160-430
485701,Drag Chain Conveyor #1 - Despatch,4857-160-111
485702,Drag Chain Conveyor #2 - Despatch,4857-160-111
485703,Platforms & Walkways - Despatch,4857-160-111
485704,Incline Conveyor 1 ex Hopper #1,4857-160-111
485705,Elec System - Blender Conveyor #1,4857-160-111
485706,Elec System - Blender Conveyor #2,4857-160-111
485707,Elec System - Roll Crusher,4857-160-111
485708,Elec System - Incline Conveyor 1 ex Hopper #1,4857-160-111
485709,Elec System - Incline Conveyor 2 for crusher feed,4857-160-111
485710,Elec System - Incline Conveyor 3 ex crusher,4857-160-111
485711,Weighing Control Panels - Despatch,4857-160-111
485712,Guarding - Despatch,4857-160-111
485713,Bagging Chute,4857-160-111
485714,Dust cone,4857-160-111
485715,Manual screening sytem,4857-160-111
485716,Sulphur hopper 7t,4857-160-111
485717,#1 - Hopper,4857-160-111
485718,#2 - Hopper,4857-160-111
485719,#1 - Hopper Weighing Equipment,4857-160-111
485720,#2 - Hopper Weighing Equipment,4857-160-111
485721,Compressed Air Lines - Despatch,4857-160-300
485722,Main Distribution Board,4857-160-310
485723,Storm Water - Piping,4857-160-350
485724,Waste Water System Piping,4857-160-360
485725,Elec System -  Bulk Storage,4857-160-430
485726,Roller Door #1 - Bulk Store,4857-160-430
485727,Roller Door #2 - Bulk Store,4857-160-430
485728,Roller Door #3 - Bulk Store,4857-160-430
485729,Roller Door #4 - Bulk Store,4857-160-430
485730,Roller Door #5 - Bag Store,4857-160-430
485731,Bulk Store - Concrete Dividing Walls,4857-160-430
485732,Building - External Cladding - Bulk,4857-160-430
485733,Building - External Cladding - Office,4857-160-430
485734,Building - Portacom Office,4857-160-430
485735,Elec System -  Main Office,4857-160-430
485736,Emergency_Exit Lighting,4857-160-450
485737,Fire Fighting Equipment,4857-160-450
490101,Mobile stair platform,4901-160-100
490102,Hopper,4901-160-100
490103,Bagging hopper,4901-160-100
490104,Drag chain,4901-160-100
490105,Vibrating screen (removeable - not in use),4901-160-100
490106,Incline conveyor Edge MS40,4901-160-100
490107,Frame and platform,4901-160-100
490108,Platforms & Stairs,4901-160-111
490109,Super N plant guarding,4901-160-111
490110,Bucket Elevator 1,4901-160-111
490111,Exit Conveyor,4901-160-111
490112,Incline Conveyor 1,4901-160-111
490113,Auger 1,4901-160-111
490114,Auger 2,4901-160-111
490115,Bucket elevator 2,4901-160-111
490118,Exit conveyor - Sustain Plant,4901-160-111
490120,Controls,4901-160-111
490121,Controls - Sustain Plant,4901-160-111
490122,Paddle mixer,4901-160-111
490123,Sandvik mobile screen QA140,4901-160-111
490125,Fixed screen - Sustain Plant,4901-160-111
490126,Mobile flip screen,4901-160-111
490127,Hopper,4901-160-111
490128,Hopper 2,4901-160-111
490129,Weigh Hopper,4901-160-111
490130,Powder Hopper,4901-160-111
490131,Holding Hopper,4901-160-111
490133,Compressor - mobile Atlas Copco,4901-160-300
490134,Compressor - Ceccato,4901-160-300
490135,Compressor - Air Command,4901-160-300
490136,Elec System -  Bulk Storage,4901-160-430
490137,Building - Office portacoms,4901-160-430
490138,Building Bulk Store,4901-160-430
490140,Pallet stacker,4901-160-430
490148,Emergency_Exit Lighting,4901-160-450
490149,Fire Fighting Equipment,4901-160-450
490501,TC104 Stairs/ guarding,4905-160-010
490502,TC103 Stairs/ guarding,4905-160-010
490503,Hopper,4905-160-100
490504,Platform,4905-160-100
490507,TC100 conveyor,4905-160-010
490509,STC104 Conveyor Transfer No1,4905-160-010
490511,Elec System - Intake Conveyor,4905-160-010
490512,Elec System - Transfer Conveyor,4905-160-010
490513,Elec System - Shuttle Winch,4905-160-010
490514,Elec System - Shuttle Conveyor,4905-160-010
490515,"TC101 ramp, guard, gates",4905-160-010
490518,Electrical Equipment,4905-160-020
490519,Mechanical Equipment,4905-160-020
490520,Sulphur hopper,4905-160-020
490521,Hopper Drag Chain ,4905-160-100
490522,Incline conveyor,4905-160-100
490523,Bagging Hopper,4905-160-100
490525,Vibrating screen,4905-160-100
490527,Guarding,4905-160-100
490529,Hopper 2 Drag chain,4905-160-111
490530,Hopper 3 Drag chain,4905-160-111
490531,Platforms & Walkways - Despatch,4905-160-111
490532,Shuttle Rails - Despatch,4905-160-111
490535,Bucket elevator 2,4905-160-111
490537,Shuttle Conveyor - Despatch,4905-160-111
490542,Transverse conveyor,4905-160-111
490543,TC117 shuttle conveyor,4905-160-111
490544,Lump breaker 1,4905-160-111
490546,Elec System - Blender Conveyor #1,4905-160-111
490547,Elec System - Blender Conveyor #2,4905-160-111
490548,Elec System - Bucket Elevator,4905-160-111
490549,Elec System - Reciprocating Screen,4905-160-111
490550,Elec System - Flail Mill,4905-160-111
490551,Elec System - Incline Conveyor,4905-160-111
490552,Elec System - Shuttle Conveyor,4905-160-111
490553,Elec System - Shuttle Winch,4905-160-111
490554,Despatch control panel,4905-160-111
490555,Shuttle Winch - Despatch,4905-160-111
490556,Guarding - Despatch,4905-160-111
490558,Vibrating screen,4905-160-111
490562,Hopper 3,4905-160-111
490565,Roading,4905-160-370
490566,Elec System -  Bulk Storage,4905-160-430
490567,Rapid Door #1 Bulk Store,4905-160-430
490568,Rapid Door #2 Bulk Store,4905-160-430
490569,Roller Door #1 - Bulk Store,4905-160-430
490570,Roller Door #2 - Bulk Store,4905-160-430
490571,Roller Door #3 - Bulk Store,4905-160-430
490572,Roller Door #4 - Bulk Store,4905-160-430
490573,Bulk Store - Concrete Dividing Walls,4905-160-430
490574,Building - External Cladding - Bulk,4905-160-430
490575,Building - External Cladding - Office,4905-160-430
490576,Building - Office,4905-160-430
490578,20' container,4905-160-430
490580,Elec System -  Main Office,4905-160-430
490581,HVAC - Main Office,4905-160-430
490582,Elec System - Bulk Store,4905-160-430
490583,Elec System - Bag Store,4905-160-430
490584,Fire Alarm Main Office,4905-160-430
490585,Fire Alarm Bag Store,4905-160-430
490586,Fire Alarm Bulk Store,4905-160-430
490587,Elec - Rapid Door #1 - Bulk Store,4905-160-430
490588,Elec - Rapid Door #2 - Bulk Store,4905-160-430
490589,Elec - Roller Door #1 - Bulk Store,4905-160-430
490590,Elec - Roller Door #2 - Bulk Store,4905-160-430
490591,Elec - Roller Door #3 - Bulk Store ,4905-160-430
490592,Elec - Roller Door #4 - Bulk Store,4905-160-430
490598,Plant Safety - Despatch,4905-160-450
490599,Plant Safety - Bulk Material Intake,4905-160-450
491002,Drag Chain Conveyor #1 - Despatch,4910-160-111
491003,Drag Chain Conveyor #2 - Despatch,4910-160-111
491004,Platforms & Walkways - Despatch,4910-160-111
491005,Lump breaker,4910-160-111
491013,Guarding - Despatch,4910-160-111
491014,Dust cone,4910-160-111
491015,Reciprocating Screen,4910-160-111
491016,#1 - Hopper,4910-160-111
491017,#2 - Hopper,4910-160-111
491020,Compressor - Marquip,4910-160-300
491022,MCC - Bulk Material & Despatch,4910-160-310
491023,Site - Transformer,4910-160-310
491024,Main Distribution Board,4910-160-310
491026,Stormwater pond,4910-160-350
491028,Roading,4910-160-370
491030,Roller Door #2 & #3 Bag Store,4910-160-430
491031,Roller Door Drive through Entrance,4910-160-430
491032,Roller Door Drive Through Exit,4910-160-430
491033,Roller Door #1 Bag store,4910-160-430
491034,Bulk Store - Concrete Dividing Walls,4910-160-430
491035,Building - External Cladding - Bulk Store,4910-160-430
491036,Building - External Cladding - Office,4910-160-430
491037,Building - Office,4910-160-430
491050,Dosing Hopper #1,4910-160-111
491051,Dosing Hopper #2,4910-160-111
491601,Infeed conveyor - Bagging,4916-160-100
491602,Vibrating screen - Bagging,4916-160-100
491603,Mobile stair platform,4916-160-100
491604,Lane 1 Hopper A,4916-160-111
491605,Lane 1 Hopper B,4916-160-111
491606,Hopper A drag chain,4916-160-111
491607,Hopper B drag chain,4916-160-111
491608,Vibrating screen,4916-160-111
491609,Loadout conveyor,4916-160-111
491610,Loadout chute,4916-160-111
491611,Dustcone,4916-160-111
491612,Lane 1 Stairs and platform,4916-160-111
491613,Lane 1 Guarding,4916-160-111
491614,Lump breaker,4916-160-111
491615,Vibrating screen,4916-160-111
491616,Dust cone,4916-160-111
491617,Lane 2 Stairs and platform,4916-160-111
491618,Lane 2 Guarding,4916-160-111
491619,Loading Hut - Despatch,4916-160-111
491620,Elec System - Hopper A drag chain,4916-160-111
491621,Elec System - Hopper B drag chain,4916-160-111
491622,Elec System - Bucket Elevator,4916-160-111
491623,Elec System - Vibrating Screen,4916-160-111
491624,Elec System - Lump Breaker,4916-160-111
491625,Elec System - Loadout Conveyor,4916-160-111
491626,Elec System - Hopper 1 drag chain,4916-160-111
491627,Elec System - Hopper 2 drag chain,4916-160-111
491628,Elec System - Conveyor Ex-mixing hopper 1,4916-160-111
491629,Elec System - Conveyor Ex-mixing hopper 2,4916-160-111
491630,Elec System - Conveyor Elevator Feed - Incline conveyor 1,4916-160-111
491631,Elec System - Conveyor Ex-elevator - Incline conveyor 2,4916-160-111
491632,Elec System - Conveyor Truck Loading - Incline conveyor 3,4916-160-111
491633,Hopper A weight display,4916-160-111
491634,Hopper B weight display,4916-160-111
491635,Hopper 1 weight display,4916-160-111
491636,Hopper 2 weight display,4916-160-111
491637,Compressor - Marquip,4916-160-300
491638,Compressed Air Lines,4916-160-300
491639,Site - Transformer,4916-160-310
491640,Main Distribution Board,4916-160-310
491641,Stormwater Sumps,4916-160-350
491642,Stormwater Pump #1,4916-160-350
491643,Stormwater Pump #2,4916-160-350
491644,Stormwater Pump #3,4916-160-350
491645,Stormwater Pump #4,4916-160-350
491646,Stormwater Tank,4916-160-350
491647,Boundry - Fencing,4916-160-370
491648,Main Gate - Site,4916-160-370
491649,Roading,4916-160-370
491650,Roller Door #1 - Bulk Store,4916-160-430
491651,Roller Door #2 - Bulk Store,4916-160-430
491652,Roller Door #3 - Bulk Store,4916-160-430
491653,Roller Door #4 - Bulk Store,4916-160-430
491654,Roller Door #5 - Bulk Store,4916-160-430
491655,Roller Door #6 - Bulk Store,4916-160-430
491656,Roller Door #1 - Bag Store,4916-160-430
491657,Roller Door #2 - Bag Store,4916-160-430
491658,Building - External Cladding - Bulk,4916-160-430
491659,Building - External Cladding - Office,4916-160-430
491660,Pallet stacker,4916-160-430
491661,Diesel supply,4916-160-430
491662,Bulk Store - Concrete Dividing Walls,4916-160-430
491663,Building - Office,4916-160-430
491664,Liquid urea hopper,4916-160-430
491665,Liquid urea pump,4916-160-430
491666,Sulphur hopper,4916-160-430
491667,Trace element dispenser hoppers x 3,4916-160-430
491668,3x augers,4916-160-430
491669,Elec System -  Main Office,4916-160-430
491670,Elec System - Bulk Store,4916-160-430
491671,Elec System - Bag Store,4916-160-430
491672,Elec - Roller Door #1 - Bulk Store,4916-160-430
491673,Elec - Roller Door #2 - Bulk Store,4916-160-430
491674,Elec - Roller Door #3 - Bulk Store,4916-160-430
491675,Elec - Roller Door #4 - Bulk Store,4916-160-430
491676,Elec - Roller Door #5 - Bulk Store,4916-160-430
491677,Elec - Roller Door #6 - Bulk Store,4916-160-430
491678,Elec- Roller Door #1 Bag Store,4916-160-430
491679,Elec- Roller Door #2 Bag Store,4916-160-430
491680,SMV1081 Forklift CD30S - GQJ855,4916-160-440
491681,Tractor - John Deere 1025R,4916-160-440
491682,Sweeper - Karcher,4916-160-440
491683,Emergency Exit Lighting,4916-160-450
491684,Fire Fighting Equipment,4916-160-450
491685,Urea tank,4916-160-999
491686,Dissolving vessel,4916-160-999
491687,Pump - Netzsce,4916-160-999
491688,Motor - Nord,4916-160-999
491689,Pipework,4916-160-999
491690,Control Panel,4916-160-999
491691,LPG califont,4916-160-999
491692,Fencing,4916-160-999
491693,2x storage tanks,4916-160-999
491694,Bunding,4916-160-999
491695,Storage tank pipework,4916-160-999
491696,Storage tank pumps (2),4916-160-999
492002,Drag Chain Conveyor #1 - Despatch,4920-160-111
492003,Incline Conveyor - Despatch,4920-160-111
492005,Elec System - Incline Conveyor,4920-160-111
492007,Guarding - Despatch,4920-160-111
492008,Loadout/ bagging chute,4920-160-111
492009,Dust cone,4920-160-111
492010,Fixed screen,4920-160-111
492011,Sulphur hopper,4920-160-111
492012,Outside hoppers,4920-160-111
492014,Compressor -  Kaeser,4920-160-300
492016,Site - Transformer,4920-160-310
492017,Main Distribution Board,4920-160-310
492021,Potable Water Tank,4920-160-350
492022,Potable Water Tank Pump,4920-160-350
492025,Main Gate - Site,4920-160-370
492026,Roading,4920-160-370
492028,Roller Door Despatch Entrance,4920-160-430
492029,Roller Door Despatch Exit,4920-160-430
492030,Roller Door Weighbridge Entrance,4920-160-430
492031,Roller Door Weighbridge Exit,4920-160-430
492032,Bulk Store - Concrete Dividing Walls,4920-160-430
492033,Building - External Cladding - Bulk,4920-160-430
492034,Building - External Cladding - Office,4920-160-430
492035,Building Office,4920-160-430
492036,Building Bulk Store,4920-160-430
492037,Weighbridge,4920-160-430
492049,Intake ramp,4920-160-500
492050,Intake hopper,4920-160-500
492051,Intake auger 1,4920-160-500
492052,Intake auger 2,4920-160-500
492053,Bucket elevator,4920-160-500
492054,Divertor,4920-160-500
492055,Storage hopper,4920-160-500
492056,Despatch hopper,4920-160-500
492057,"Control panel, weight system and PLC",4920-160-500
492058,Framework,4920-160-500
492059,Buidling - Bag store,4920-160-430
492060,Bulk Shed Sliding Door,4920-160-430
492910,Guarding - Despatch,4929-160-111
492911,Weighbridge,4929-160-111
492912,Site - Transformer,4929-160-310
492913,Main Distribution Board,4929-160-310
492914,Storm Water - Piping,4929-160-350
492915,Stormwater Sumps,4929-160-350
492916,Stormwater Pump #1,4929-160-350
492917,Stormwater Mechanical Equipment,4929-160-350
492918,Stormwater Tank,4929-160-350
492919,Boundry - Fencing,4929-160-370
492920,Roading,4929-160-370
492921,Roller Door #1 - Bulk Store,4929-160-430
492922,Roller Door #2 - Bulk Store,4929-160-430
492923,Roller Door #3 - Bulk Store,4929-160-430
492924,Bulk Store - Concrete Dividing Walls,4929-160-430
492925,Building - External Cladding - Bulk,4929-160-430
492926,Building - External Cladding - Office,4929-160-430
492927,Building Bulk Store,4929-160-430
2200100,Elec System - Blender Dosing Conveyor 254A,2200-160-110
2200101,Elec System - Blender Dosing Conveyor 254B,2200-160-110
2200102,Elec System - Blender Dosing Conveyor 255A,2200-160-110
2200103,Elec System - Blender Dosing Conveyor 255B,2200-160-110
2200104,Elec System - Blender Dosing Conveyor 256A,2200-160-110
2200105,Elec System - Blender Dosing Conveyor 256B,2200-160-110
2200106,Elec System - Blender Dosing Conveyor 257A,2200-160-110
2200107,Elec System - Blender Dosing Conveyor 257B,2200-160-110
2200108,Elec System - Blender Dosing Conveyor 258,2200-160-110
2200109,Elec System - Blender Dosing Conveyor 259A,2200-160-110
2200110,Elec System - Blender Dosing Conveyor 259B,2200-160-110
2200111,Elec System - Blender Dosing Conveyor 260A,2200-160-110
2200112,Elec System - Blender Dosing Conveyor 260B,2200-160-110
2200113,Elec System - Blender Dosing Conveyor 261A,2200-160-110
2200114,Elec System - Blender Dosing Conveyor 261B,2200-160-110
2200115,Elec System - Blender Dosing Conveyor 262,2200-160-110
2200116,Elec System - Blender Dosing Conveyor 263,2200-160-110
2200117,Elec System - Blender Dosing Conveyor 264,2200-160-110
2200118,Elec System - Blender Dosing Conveyor 265,2200-160-110
2200119,Elec System - Blender Dosing Conveyor 266,2200-160-110
2200120,Elec System - Blender Dosing Conveyor 267,2200-160-110
2200121,Elec System - Lump Breaker FC1,2200-160-110
2200122,Elec System - Shuttle Winch - TC5,2200-160-110
2200123,Elec System - Shuttle Winch - TC7,2200-160-110
2200124,Elec System - Slide Gate - Despatch - V220,2200-160-110
2200125,Elec System - Reciprocating Screen FS1,2200-160-110
2200126,Elec System - Reciprocating Screen FS2,2200-160-110
2200127,Under-belt Weigher Control Panel - Despatch,2200-160-110
2200128,Truck Lane 1 Control Panel - Despatch,2200-160-110
2200129,Truck Lane 2 Control Panel - Despatch,2200-160-110
2200130,Despatch - Distribution - Control,2200-160-110
2200131,Shuttle Winch - TC5,2200-160-110
2200132,Shuttle Winch - TC7,2200-160-110
2200133,Diverter - Despatch - 2Y1,2200-160-110
2200134,Diverter - Despatch - 2Y2,2200-160-110
2200135,Diverter - Despatch - 2Y3,2200-160-110
2200136,Slide Gate - Despatch - V220,2200-160-110
2200137,Slide Gate - Despatch - V224,2200-160-110
2200138,Guarding - Despatch,2200-160-110
2200139,Guarding -  Bagging Despatch,2200-160-110
2200140,Reciprocating Screen FS1,2200-160-110
2200141,Reciprocating Screen FS2,2200-160-110
2200142,Blending Hopper HP251,2200-160-110
2200143,Blending Hopper HP252,2200-160-110
2200144,Blending Hopper HP253,2200-160-110
2200145,Blending Hopper HP254,2200-160-110
2200146,Blending Hopper HP255,2200-160-110
2200147,Blending Hopper HP256,2200-160-110
2200148,Blending Hopper HP257,2200-160-110
2200149,Blending Hopper HP258,2200-160-110
2200150,Blending Hopper HP259,2200-160-110
2200151,Blending Hopper HP260,2200-160-110
2200152,Blending Hopper HP261,2200-160-110
2200153,Blending Hopper HP262,2200-160-110
2200154,Blending Hopper HP263,2200-160-110
2200155,Blending Hopper HP264,2200-160-110
2200156,Blending Hopper HP265,2200-160-110
2200157,Blending Hopper HP266,2200-160-110
2200158,Blending Hopper HP267,2200-160-110
2200159,10 Tonne Staging Hopper S1,2200-160-110
2200160,4 Tonne Staging Hopper S2,2200-160-110
2200161,Site compressor,2200-160-300
2200162,Compressed Air Lines - Intake,2200-160-300
2200163,Compressed Air Lines - Despatch,2200-160-300
2200164,MCC - Bulk Material Intake and Despatch,2200-160-310
2200165,Site - Transformer - Intake and Despatch,2200-160-310
2200166,Site - Transformer - Offices,2200-160-310
2200167,HVAC - SSA Intake Switch Room,2200-160-310
2200168,HVAC - SSB Despatch Switch Room,2200-160-310
2200169,HVAC - Despatch Control Room,2200-160-310
2200170,Main Distribution Board,2200-160-310
2200171,Potable Water System,2200-160-350
2200172,Truck Wash - Piping,2200-160-350
2200173,Storm Water - Piping,2200-160-350
2200174,Truckwash Contaminate Separation Sumps,2200-160-350
2200175,Stormwater Sumps,2200-160-350
2200176,Stormwater Pumps,2200-160-350
2200177,Potable Water Pump,2200-160-350
2200178,Stormwater Tanks,2200-160-350
2200179,Potable Water Tank,2200-160-350
2200180,Waste Water System Piping,2200-160-360
2200181,Rain Gardens,2200-160-370
2200182,Grassed Area,2200-160-370
2200183,Internal - Fencing,2200-160-370
2200184,Boundry - Fencing,2200-160-370
2200185,Main Gate - Site,2200-160-370
2200186,Roading,2200-160-370
2200187,Intake Grid Traffic Barriers,2200-160-370
2200188,Building - Office,2200-160-430
2200189,Building - Bulk Store,2200-160-430
2200190,Building - Bag Store,2200-160-430
2200191,Building - External Cladding - Bulk/Bag,2200-160-430
2200192,Building - External Cladding - Office,2200-160-430
2200193,Rapid Door D06  Intake Entry,2200-160-430
2200194,Rapid Door D07 Intake Exit,2200-160-430
2200195,Rapid Door D24 Bulk Store Internal North End,2200-160-430
2200196,Rapid Door D29 Bag Store Internal North End,2200-160-430
2200197,Rapid Door D26 Despatch Entry Lane 1 - D210,2200-160-430
2200198,Rapid Door D28 Despatch Entry Lane 2- D220,2200-160-430
2200199,Rapid Door D32 Despatch Exit Lane 1 - D211,2200-160-430
2200200,Rapid Door D30 Despatch Exit Lane 2 - D221,2200-160-430
2200201,Roller Door D02 North Wall East End,2200-160-430
2200202,Roller Door D03 East Wall North End,2200-160-430
2200203,Roller Door D13 South Wall Dispatch Exit,2200-160-430
2200204,Roller Door D15 North Wall Bulk Entry,2200-160-430
2200205,Roller Door D09  Intake South Maint. Access,2200-160-430
2200206,Elec System -  Main Office,2200-160-430
2200207,Elec System - Bulk Store,2200-160-430
2200208,Elec System - Bag Store,2200-160-430
2200209,Fire Alarm Main Office,2200-160-430
2200210,Fire Alarm Bag Store,2200-160-430
2200211,Fire Alarm Bulk Store,2200-160-430
2200212,Traffic Lights - Despatch Entry Lane 1,2200-160-430
2200213,Traffic Lights - Despatch Entry Lane 2,2200-160-430
2200214,Traffic Lights - Despatch Exit Lane 1,2200-160-430
2200215,Traffic Lights - Despatch Exit Lane 2,2200-160-430
2200216,Traffic Lights - Forklift Passage Wall 2,2200-160-430
2200217,Traffic Lights - Forklift Passage Wall 3.1,2200-160-430
2200218,Intake Pit,2200-160-430
2200219,Forklift Heli G2 - NMV1217,2200-160-440
2200220,Forklift Heli G2 - NMV1216,2200-160-440
2200221,Forklift Heli G2 - NMV1218,2200-160-440
2200222,Forklist CD30s - NQT727,2200-160-440
2200223,Loader Hyundai 760-9 NMV1202,2200-160-440
2200224,Loader Hyundai 760-9 NMV1210,2200-160-440
2200225,Eureka diesel sweeper,2200-160-440
2200226,Emergency Lighting,2200-160-450
2200227,Fire Fighting Equipment,2200-160-450
2200228,Fuelling system,2200-160-450
4905100,Emergency_Exit Lighting,4905-160-450
4905101,Fire Fighting Equipment,4905-160-450
4905102,Liquid-N Plant,4905-160-999
10000000,MMV968 Loader Volvo L70D,1018-160-999-250
10000006,NMV110 Loader-Swinger 160,2201-100-440-250
10000010,NMV152 Forklift-Komatsu FD30T-14,2209-160-440-250
10000016,NJH210 Hopper-Bulk Weigh,2203-160-110-260
10000057,MBM923 Misc - Diagnostics Maru St,0301-160-450-220
10000058,MMVLSD Vehicle Leased Maru St,0301-160-440-250
10000064,MMV1032 Forklift Crown CD30s - EGA334,1013-160-440
10000071,NJM210 Misc-Vibrator Bin Waipapa,2203-160-110-150
10000072,NJM970 Misc-Portable Equip.-Waipapa,2203-160-110-090
10000073,NPB100 Building-Bulk Store Marsden Point,2209-160-110-030
10000074,NPM200 Misc-Machinery Marsden Point,2209-160-110-150
10000075,NPM970 Misc-Portable equip. Marsden Pt,2209-160-110-090
10000076,NPM210 Misc-Vibrator Weigh hopper Marsde,2209-160-110-150
10000077,NPH210 Hopper-Weigh Marsden Point,2209-160-110-260
10000078,NPC211 Conv- Ex weigh hopper,2209-160-110-050
10000079,NPC212 Conv-Incline to Lump Breaker,2209-160-110-050
10000080,NPM213 Misc-Lump Breaker,2209-160-110-070
10000081,NPM214 Misc-Dust Suppression Cone,2209-160-110-150
10000084,NVM970 Misc- Portable equip. Dargaville,2208-160-110-090
10000117,M17B100 Building - Office,1017-160-999-030
10000118,M17C100Conveyor - Mixing Plant Discharge,1017-160-999-050
10000119,M17C101Conveyor - Truck Filling,1017-160-999-050
10000120,M17E100 Misc - Electrical,1017-160-999-090
10000121,M17M100 Misc - Fencing and Roading,1017-160-999-220
10000122,M17M101 Misc - Fire Fighting Equipment,1017-160-999-220
10000123,M17M102 Misc - Mechanical Equipment,1017-160-999-150
10000124,M17M103 Misc - Mixing Plant,1017-160-999-010
10000125,"M17M104 Misc - Water,Stormwater,Effluent",1017-160-999-170
10000126,M17M105 Misc - Weighbridge,1017-160-999-270
10000139,NJM212 Misc-Vibrator Elevator exit-Waipa,2203-160-110-150
10000140,NMM309 Misc- Gran. drum feed shuttle,2201-100-210-150
10000141,NMM309A Misc-Gran.Drum reject Drag Chain,2201-100-210-150
10000142,MPM804 Misc - Mixer 2,1016-160-999-010
10000143,MPX803 Elevator - Mixer Discharge,1016-160-999-050
10000155,QMV2000 Loader Volvo L70E,2208-160-440-250
10000161,MBB881 Build - Warehouse #14A,0301-160-430-030
10000162,MBB882 Build - Warehouse #12,0301-160-430-030
10000163,MBC819 Conv - Slat Conveyor,0301-160-100-050
10000164,NMV1053 Mower ISEKI Ride on,2201-100-440-250
10000165,MBM814 Misc - Forklift Extention,0301-160-100-150
10000166,MBM815 Misc - Man Cage #1,0301-160-100-150
10000168,MBM817 Misc - Spring Operated Turn Table,0301-160-100-150
10000169,MBM818 Misc - Waterblaster (Mobile),0301-160-370-220
10000170,MBM850 Misc - Bi-Folding (Build #40),0301-160-430-030
10000171,MBM851 Misc - Roller Shut (Build #40-L),0301-160-430-030
10000172,MBM852 Misc - Roller Shut (Build #40-S),0301-160-430-030
10000173,MBM853 Misc - Rapid DR (Mix PLT-4405.1),0301-160-430-030
10000174,MBM854 Misc - Rapid DR W/B ENT(4429.12),0301-160-430-030
10000175,MBM855 Misc - Rapid DR W/B EXIT(4429.21),0301-160-430-030
10000176,MBM856 Misc - Rapid DR (BLD #36-4405.03),0301-160-430-030
10000177,MBM857 Misc - Bi-Folding (Build #32),0301-160-430-030
10000178,MBM858 Misc - Rapid DR (BLD #32-4405.02),0301-160-430-030
10000179,MBM859 Misc - Rapid DR (Envico),0301-160-430-030
10000180,MQB850 Build - Triton Avenue Office,0301-160-430-030
10000181,MQB851 Build - Triton Avenue Store,0301-160-430-030
10000182,MQC830 Conv - ALT Discharge #1,0301-160-080-050
10000183,MQC831 Conv - ALT Bi-Directional,0301-160-080-050
10000184,MQC832 Conv - ALT Discharge #2,0301-160-080-050
10000185,MQC833 Conv - ALT Discharge #3,0301-160-080-050
10000186,MQC834 Conv - Slat Conveyor,0301-160-100-050
10000187,MQC835 Conv - Moisture Control Device,0301-160-100-050
10000188,MQH830 Hopper - ALT Blender 30T,0301-160-080-260
10000189,MQH831 Hopper - ALT Blender 15T,0301-160-080-260
10000190,MQH832 Hopper - ALT Manual,0301-160-100-260
10000192,MQH884 Hopper - Pedal Operated 1T Hopper,0301-160-100-260
10000193,MQH885 Hopper - Semi-Automated 1T Hopper,0301-160-100-260
10000195,MQM814 Misc - Compressor Blue Portable#1,0301-160-100-040
10000196,MQM815 Misc - Compressor Blue Portable#2,0301-160-100-040
10000197,"MQM816 Misc - Compressor,Transit Mixing",0301-160-100-040
10000198,MQM817 Misc -HYD Operated Turntables,0301-160-100-150
10000200,MQM819 Misc -ALT Despatch Cone,0301-160-080-150
10000201,MQM850 Misc - Roller Shutter Hanger #1,0301-160-430-030
10000202,MQM851 Misc - Roller Shutter Hanger #2,0301-160-430-030
10000203,MQM852 Misc - Rapid Action (HA Entry),0301-160-430-030
10000204,MQM853 Misc - Roller Shutter (Bag Rm),0301-160-430-030
10000205,MQM950 Misc - Triton Ave,0301-160-430-030
10000206,MQZ830 Screen - SQ Blending Plant Screen,0301-160-080-150
10000207,MQZ831 Screen - SQ Portable Screen,0301-160-080-150
10000209,MBM819 Misc - Pallet Wrapper Shed #14,0301-160-100-150
10000214,M601M126 Misc-Diesel Burner Boiler,0601-170-480-150
10000217,QMV2015- Loader - Volvo L60F -Bellblock,1352-160-999-250
10000326,NAM317 Misc-Alternator-11KV Parsons,2201-080-150-200
10000327,NAM308_SV1 Main Boiler Inboard SR Valve,20057576
10000328,NAM308_SV2 Main Boiler Outboard SR Valve,20057576
10000329,NAM308_SV3 Economiser outlet SR Valve,20057576
10000330,NAM308_SV4 Main Steam line SR Valve,20057576
10000331,NAM308_RV5 LP Steam inlet to DA SR Valve,20057576
10000332,NAM308_RV6 De-aerator Vessel SR Valve,20057576
10000333,NAM308_SV7 LP Steam SR Valve,20057576
10000334,SGM201 Water Piping & Heating.,4828-160-999-150
10000335,SGH202 Urea Silo,4828-160-999-150
10000336,SGM203 Urea Dissolver,4828-160-999-150
10000337,SGM204 Urea Manufacture Piping,4828-160-999-150
10000338,SGP200 Urea Manufacture Pump,4828-160-999-150
10000339,SGP201 Urea Despatch Pump,4828-160-999-150
10000340,SGP202 Urea Bund No 1 Sump Pump,4828-160-999-150
10000341,SGE201 Urea Instruments,4828-160-999-150
10000342,SGE200 Urea Power and Panel,4828-160-999-150
10000344,NMM260 Misc-Den Gantry,2201-100-280-130
10000345,NSM971 Misc-Eng Workshop Gantry,2201-130-380-130
10000346,MPM900 Misc - Site Compressor,1016-160-999-220
10000347,SGT201 Liquid urea storage tank No 1,4828-160-999-150
10000348,NAT700_PRV1 Tank-Press. Relief Valve,20048248
10000349,NAT701_PRV1 Tank Press. Relief  Valve,20048249
10000354,NDC662 Conv-No1 Incline Bag dressing,2201-110-100-050
10000355,NDC665 Conv-No2 Incline Bag dressing,2201-110-100-050
10000356,NDC666 Conv-Discharge Bag dressing(Rev),2201-110-100-050
10000357,NDH654 Hopper-Bulk Bagging line,2201-110-100-260
10000358,NDH660 Hopper-Bag dressing line,2201-110-100-260
10000359,NDM656 Misc-Pallet table_Rotating,2201-110-100-150
10000360,NDM661 Misc-Dragchain bag dressing,2201-110-100-010
10000361,NDM664 Misc-Hammer mill bag dressing,2201-110-100-070
10000362,NDZ663 Screen-Vibrating Bag dressing,2201-110-100-210
10000399,ISCB001Invercargill SC Building (SQ),4857-160-999-030
10000400,ISCC001 Incline for crusher feed,4857-160-999-050
10000401,ISCC002 Incline ex-crusher,4857-160-999-050
10000402,ISCM001 Roll crusher,4857-160-999-150
10000403,ISCM002 Blender components,4857-160-999-150
10000404,ISCM003 Dust suppression components,4857-160-999-150
10000405,ISCM004 Bagging components,4857-160-999-150
10000406,ISCM005 Main compressor,4857-160-999-150
10000407,ISCT001 Agrotain vat,4857-160-999-150
10000408,ISCE001 Electrical - all,4857-160-999-090
10000409,ISCM006 Small items,4857-160-999-150
10000410,MMV1055 Loader Hyundai 757-9,0701-160-999-250
10000422,NDZ667 Screen-Vibrating(Overs)Bag dress.,2201-110-100-210
10000572,MMV1059 Forklift - Crown CD30S-5,0801-160-999-250
10000573,MMV1060 Forklift - Crown CD30S-5,1354-160-999-250
10000574,MMV1061Forklift - Crown CD30S-5,1645-160-999-250
10000577,QMV2003 Loader - Volvo L60F - Gore,4828-160-440-250
10000708,MQE120 Elec - Lighting,0301-160-310-090
10000709,MQE115 Elec - Switchboards,0301-160-310-090
10000710,MQC890 Conv - Roctec Main Infeed,0301-160-100-050
10000711,MQM830 Misc - Diagnistics Transit,0301-160-450-220
10000712,MBM830 Misc - Chain Mixer lump Breaker,0301-160-080-010
10000713,MBX802 Elevator - #2 Mixing Plant,0301-160-080-150
10000714,MBS835 Screw - Dust Collector,0301-160-080-050
10000715,MQH820 Hopper - RockTec,0301-160-080-260
10000716,MBM826 Misc -Shuttle Winch H-O,0301-160-080-150
10000717,MBM825 Misc -Shuttle Winch A-G,0301-160-080-150
10000718,MQZ840 Screen - Single Screen (Rocktec),0301-160-100-150
10000719,MQC891 Conv - Roctec Outfeed,0301-160-100-050
10000721,M601H200 Hopper-XH70 Zeolite,0601-170-480-260
10000722,M601S200 Screw-XS70 Zeolite Metering,0601-170-480-050
10000723,M601S201 Screw-XS71 Zeolite Transfer,0601-170-480-050
10000751,NDC805 Conv-Screen Discharge Altum Plant,2201-110-090-050
10000752,NDM804 Misc-Lumpbreaker Altum Plant,2201-110-090-210
10000753,NDZ803 Screen-Vibrating Altum plant,2201-110-090-210
10000754,NDC802 Conv-Incline Altum plant,2201-110-090-050
10000755,NDM801 Misc-Dragchain mixer Altum Plant,2201-110-080-010
10000756,NDH800 Hopper-Mixing Altum Plant,2201-110-090-260
10000763,MMV1063 Forklift Crown CD30S-5,2204-160-440-250
10000768,MQM840 Misc-Air Lines Transit,0301-160-450-220
10000769,MQM836 Misc-Air Lines Maru,0301-160-450-220
10000770,MQM835 Misc - Roading Transit,0301-160-370-220
10000865,MMV1067 Loader - Hyundai HL757-9,1012-160-999-250
10000866,MMV1068 Loader - Hyundai HL757-9,1646-160-999-250
10000916,NAS110 SCREW- SULPHUR RECOVERY,2201-080-350-190
10000917,NAM308_RV8 Sulphur pit steam PRV Valve,20057576
10000918,NSM960_SI013 Inst-Weather Recording,20048552
10000921,MMV1070 Loader - Hyundai HL757-9,4916-160-440-250
10000929,MMV1071 Forklift Hyundai 30D7E,1012-160-999-250
10000933,MAC550 Conv - High Spec Sulphur,0201-080-120
10000941,NRM400 Misc-Dragchain mixer Rock store,2201-100-030-050
10000962,MOM900 Misc - Under Floor Heating System,1019-160-999-220
10000988,MQC821 Conv - Roctec Reversible,0301-160-100-020
10000989,MQM820 Misc - Roctec Bulk Bagger,0301-160-100-020
10001029,MBM500 Misc - Portable Screen,0301-160-070-210
10001031,MBM900 - Misc-Maru St General,0301-160-450-220
10001042,MMV1073 Forklift Crown CD30S-5,0601-170-480-440
10001092,SMV1076 - Loader Hyundai HL757-9,4857-160-999-250
10001096,NMV1079 LOADER HYUNDAI HL757-9,2201-160-440-250
10001102,MMV1080 Loader - Hyundai HL757-9,1013-160-999-250
10001107,Site - Land Improvements,0401-160-450-220
10001115,"Structure,Walkways,Handrails",0401-160-111-150
10001117,MMV1082 HYUNDAI HL757-9,1645-160-999-250
10001120,Buildings - Bulk Store,0401-160-430-030
10001121,Buildings - Office/Bag Store,0401-160-430-030
10001122,Buildings - Relocatable Bulk Bin walls,0401-160-430-030
10001123,Buildings - Office Fittings,0401-160-430-030
10001124,Buildings -Bulk Store Roller/Rapid Doors,0401-160-430-030
10001125,Buildings -Bag Store Roller/Rapid Doors,0401-160-430-030
10001126,Electrical  - Bulk Store,0401-160-430-090
10001127,Electrical  - Office/Bag Store,0401-160-430-090
10001128,Site - Roading,0401-160-370-220
10001129,Site - Landscaping,0401-160-370-220
10001130,Site - Fencing,0401-160-370-220
10001131,Site - Signage,0401-160-370-220
10001132,SMV1083 Hyundai HL757-7,1645-160-999-250
10001133,Dsp Plant 1 Electrical,0401-160-111-090
10001134,"Dsp Plant 1 PLC,Electrical Switchgear",0401-160-111-120
10001135,MMV1084 Hyundai HL757-9,0401-160-440-250
10001184,MMV1086 Forklift Crown CD30S-5,1012-160-999-250
10001185,SMV1087 Forklift Crown CD30S-5,4857-160-999-250
10001195,Dsp 1 Conveyor - Truck Load out,0401-160-111-050
10001196,Dsp 1 Conveyor - Recirculation,0401-160-111-050
10001197,Dsp 1 Dust cone,0401-160-111-050
10001198,Dsp 1 - Blender 1,0401-160-111-010
10001199,Dsp 1 - Blender 21,0401-160-111-010
10001200,Dsp1 - Flail Mill,0401-160-111-070
10001201,Dsp1 - Reciprocating Screen,0401-160-111-210
10001202,MQM813 Misc - Triton Air Compressor,0301-160-100-040
10001208,MUB804  20' Container,1018-160-430-030
10001209,Dsp 1 - Weigh scale system,0401-160-111-270
10001210,Dsp 1 - Weigh scale system,4929-160-111-270
10001211,Trace Element scales,4929-160-111-270
10001235,MBB124 Build - 124 Bulk,0301-160-430-030
10001236,MBE121 Elec - 124 Hewletts Rd General,0301-160-310-090
10001237,MBE111 Elec - 124 Hewletts Rd Lighting,0301-160-310-090
10001238,MBM941 Misc - Roading 124 Hewletts Rd,0301-160-370-220
10001239,MBB125 Build - 124 Bulk Office,0301-160-430-030
10001240,MBM931 Misc - Fencing 124 Hewletts Rd,0301-160-370-220
10001241,MBM962 MISC-Air Conditioner 124 Hewletts,0301-160-310-090
10001244,MMV1089 Hyundai HL770-9 Loader,0301-160-440-250
10001272,SMV1090 Hyundai HL757-9,4905-160-440-250
10001273,MQC601 Conv - Robot Infeed 1,0301-160-100-050
10001274,MQC600 Conv - Robot Sewing Machine Disch,0301-160-100-050
10001275,MQC602 Conv - Robot Infeed 2,0301-160-100-050
10001276,MQC603 Conv - Robot Chain Discharge,0301-160-100-050
10001277,MQE600 Elec - Robot General,0301-160-310-090
10001278,MQM600 Misc - Robot System General,0301-160-100-150
10001279,MQM601 Misc - Robot Sewing Machine,0301-160-100-150
10001280,MQM602 Misc - Robot Bag Kicker,0301-160-100-150
10001281,MQM603 Misc - Robot Vibrating Table,0301-160-100-150
10001282,MQM604 Misc - Robot Kawasaki,0301-160-100-150
10001283,MQM605 Misc - Robot Pallet Dispenser,0301-160-100-150
10001303,NMV1092 FORKLIFT CROWN CD30S-5,2201-160-440-250
10001314,MMV1094 Forklift Crown CD30S-5,1016-160-999-250
10001315,MMV1095 Forklift - Crown CD30S-5,1014-160-440-250
10001317,MMV1097  Loader Hyundai 740-9,0301-160-440-250
10001318,SMV1098 Hyundai HL770-9 Timaru Hub,4905-160-440-250
10001346,MBM830 Miisc - Road sweeper,0301-160-450-220
10001355,"MQM818 Misc - Compressor, Weighbridge",0301-160-100-040
10001446,Dispatch Blender 2,1355-160-999-010
10001447,Dispatch Blender 1,4929-160-111-010
10001448,500 Bucket Elevator,4929-160-111-050
10001449,Reciprocating Screen,4929-160-111-210
10001450,300 Flail Mill,4929-160-111-070
10001451,Load Out Conveyor,4929-160-111-050
10001452,Dispatch Plant Structures/ Walkways,4929-160-430-030
10001453,DSH Dust Cone,4929-160-111-050
10001454,Dispatch Plant Control Hardware/PLC,4929-160-111-090
10001455,Office,4929-160-430-030
10001456,Compressor,4929-160-300-040
10001457,Dispatch Weigh Scales,1355-160-999-270
10001458,SMV1100  Sandvik QA331 Mobile Screen,4905-160-440-250
10001459,STC202 Conveyor - Edge 45 Radial Stacker,4905-160-999-150
10001490,SMV1101 Hyundai 45D-9S Forklift,4905-160-440-250
10001494,MMV1103 Forklift - Crown CD30S-5,0501-160-999-250
10001495,MMV1107 Forklift - Crown CD30S-5,1155-160-999-250
10001499,MMV1105 Loader Hyundai 757-9 Q/Hitch,0301-160-440-250
10001500,MQM821 Misc - 124 Waste Water Compressor,0301-160-100-040
10001543,MMV1112 Volvo L60E Greatford,1621-160-999-250
10001545,MMV1109 Forklift Crown CD30S-5,0601-160-440-250
10001546,MMV1110 Forklift Crown CD30S-5,0301-160-440-250
10001547,MMV1111 Forklift Crown CD30S-5,0301-160-440-250
10001562,MMV1106 Loader - Hyundai HL757-9,1355-160-999-250
10001571,SMV1102 Hyundai HL770-9 Timaru Hub,4905-160-440-250
10001583,MNB840 Building - Bag Store,1015-160-430-030
10001584,MBZ804 Screen- Recipr - #2 Mixing Plant,0301-160-080-150
10001585,MBM824 Flail Mill - #2 Mixing Plant,0301-160-080-070
10001586,MBM823 Diverter -Flail -#2 Mixing Plant,0301-160-080-150
10001587,MBM816 Conv -Drag Chain -#2 Mixing Plant,0301-160-080-050
10001588,MBM821 Diverter -Recirc -#2 Mixing Plant,0301-160-080-150
10001589,MBM822 Splitter -Recirc -#2 Mixing Plant,0301-160-080-150
10001590,MBM813 Dust Cone - #2 Mixing Plant,0301-160-080-150
10001674,NMV1113 Volvo FM12-420 tipper 2005,2201-160-440-250
10001683,SGT202 Liquid urea storage tank No 2,4828-160-999-150
10001684,SGT203 Liquid urea storage tank No 3,4828-160-999-150
10001685,SGP203 Urea Bund No 2 Sump Pump,4828-160-999-150
10001686,SGM205 Urea Despatch Piping,4828-160-999-150
10001687,SGH101 Portable Bagging Hopper,4828-160-999-150
10001692,OBSLT_SMV_1114 Hyundai HL760-9 (JFR550),4801-100-440-250
10001710,MMV1115 Forklift Crown CD30S-5,1018-160-999-250
10001711,SMV1116 Crown CD30S-5 Ashburton,4910-160-440-250
10001712,MMV1116 Forklift Crown CD33S,0301-160-440-250
10001713,NMV1117 Forklift Crown CD33S-5,2201-160-440-250
10001739,SMV1119 Loader-Hyundai HL757-9,4905-160-440-250
10001740,MMV1120 Loader-Hyundai HL757-9,0301-160-440-250
10001741,NMV1121 Loader -Hyundai HL757-9,2203-160-440-250
10001749,SRB200 Bag Store,4916-160-999-030
10001836,STE103 ELEC SO2 DETECTION,4905-160-999-090
10001847,SMV1122 Hyundai 33D-7 Forklift,4905-160-440-250
10001848,MMV1123 Sandvik QA140 Mobile Screen,4905-160-440-250
10001854,SMV1124 - Loader Hyundai HL757-9 QHitch,4905-160-440-250
10001862,MMV1124 EDGE RADIAL STACKER MS65,4901-160-440-250
10001865,M-VLV PSV2866 Package Boiler Shell,0201-080-150
10001866,M-VLV PSV2867 Package Boiler LP Steam,0201-080-150
10001930,MMV1125 Forklift Crown CD30S-5,1355-160-999-250
10001931,MMV1126 Crown CD30S-5 Waipukarau,1710-160-999-250
10001932,MMV1127 Crown CD30S-5 Netherton,1019-160-999-250
10001933,SMV1128 Crown CD30S-5,4815-160-440-250
10001934,MMV1129 Forklift Crown CD30S-5,1715-160-440-250
10001935,STC201 Conveyor - Sustain Outfeed,4905-160-999-150
10001936,STC_202 Conveyor - Radial Stacker,4905-160-999-150
10001937,STH201 Hopper Sustain Feed,4905-160-999-150
10001938,STE201 Electrical Sustain Plant,4905-160-999-090
10001939,STM201 Sustain Plant Container,4905-160-999-150
10002088,SMV1130 WL300FS Flip Screen,4905-160-999-150
10002105,HOPPER - Blender 1 - Despatch Plant 1,1018-160-111-010
10002106,HOPPER - Blender 2 - Despatch Plant 1,1018-160-111-010
10002107,ELEV - Elevator - Despatch Plant 1,1018-160-111-050
10002108,SCREEN - Screen - Despatch Plant 1,1018-160-111-210
10002109,MISC - Flail Mill - Despatch Plant 1,1018-160-111-070
10002110,MISC - Vibrator 1 - Despatch Plant 1,1018-160-111-150
10002111,MISC - Vibrator 2 - Despatch Plant 1,1018-160-111-150
10002112,MISC - Vibrator 3 - Despatch Plant 1,1018-160-111-150
10002113,MISC - Vibrator 4 - Despatch Plant 1,1018-160-111-150
10002114,ELEC - Weigh System - Despatch Plant 1,1018-160-111-270
10002115,ELEC - Electrical - Despatch Plant 1,1018-160-111-090
10002116,MISC - Platforms - Despatch Plant 1,1018-160-111-030
10002119,STT201 Tank Agrotain Self Bunded (1.5kL),4905-160-999-150
10002120,STT202 Tank Glycol Self Bunded (1.5kL),4905-160-999-150
10002121,STP201 Pump Agrotain Dosing,4905-160-999-150
10002122,STP202 Pump Glycol Dosing,4905-160-999-150
10002123,STS201 Screw Sustain Mixing,4905-160-999-150
10002124,STM202 Pipework Sustain Plant,4905-160-999-150
10002125,STP203 Pump Hydraulic Sustain Plant,4905-160-999-150
10002175,NMV1131 Vermeer S725TX Skid Steer,2201-100-440-250
10002403,SMV1132 Hyundai 50D-9F Forklift,4905-160-440-250
10002404,SMV1133 Hyundai 30DT-7 Forklift,4916-160-440-250
10002405,MMV1134 Hyundai 30DT-7 Forklift,1645-160-999-250
10002406,NMV1135 Hyundai 30DT-7 Forklift,2208-160-440-250
10002407,MMV1136 Hyundai 30DT-7 Forklift,0801-160-999-250
10002412,MMV1137 Hyundai HL740-9 Irirangi,1010-160-999-250
10002413,MMV1138 Hyundai HL757-9 Waingawa,1715-160-440-250
10002475,MMV1141 Hyundai 30DT-7 TeKuiti,1015-160-999-250
10002620,STM203 Sustain Plant Guarding,4905-160-999-150
10002621,STM204 Bunding IBC Storage,4905-160-999-150
10002622,MBB126 Build - 124A Building,0301-160-430-030
10002623,MBB127 Build - 124A Building Office,0301-160-430-030
10002624,MBB128 Build - 124 Building Lunch-room,0301-160-430-030
10002625,MBB129 Build - 124A Fire / Sprinkler Rm,0301-160-430-030
10002626,MBE122 Elec - 124A Electric General,0301-160-310-090
10002627,MBE123 Elec - 124A Electric Lighting,0301-160-310-090
10002630,MMV1143 Hyundai 30DT-7 Forklift,1011-160-999-250
10002638,SMV1152 Hyundai HL757-9 Ashburton,4910-160-440-250
10002640,SMV1144 Crown CD30S-5 Forklift,4929-160-440
10002641,MMV1145 Crown CD30S-5 Maru Street,0301-160-440-250
10002642,MMV1146 Crown CD30S-5 Maru Street,0301-160-440-250
10002643,MMV1147 Crown CD30S-5 Te Awamutu,0901-160-440-250
10002772,MMV1149 Hyundai HL757-9 Te Awamutu,0901-160-440-250
10002776,SMV1153 Hyundai 30DT-7 Forklift,4916-160-440-250
10002783,MMV1154 Hyundai 30DT-7 Forklift,1621-160-999-250
10002784,STM205 Air Compressor Portable -Timaru,4905-160-999-040
10002801,MMV1156 Contractor Screen Maru Street,0301-160-070-210
10002824,SMV1155 Hyundai 30DT-7 Forklift,4905-160-440-250
10002846,SMV1158 Hyundai 30DT-7 Forklift Anama,4920-160-999-250
10002884,MMV1159 Crown CD30S-5 Morrinsville,0601-160-440-250
10002885,SMV1160 Crown CD30S-5 Gore,4828-160-440-250
10002918,STE202 Electrical Power Data Logger,4905-160-999-090
10002953,MMV1161-Loader Volvo L90H Morrinsville,0601-160-440-250
10002954,MMV1162 Hyundai HL740-9 TePuke,1155-160-999-250
10002955,MMV1163 Hyundai HL757XTD Reporoa,1014-160-440-250
10002958,MMV1166 Forklift Hyundai 30DT-7,0801-160-999-250
10002959,MMV1167 Forklift Hyundai 30DT-7,0301-160-440-250
10002960,MMV1168 Forklift Hyundai DT-7 Maru,0301-160-440-250
10002961,SMV1169 Hyundai 30DT-7 Timaru,4905-160-440-250
10002962,MMV1170 Forklift CrownCD30 Hastings,1013-160-999-250
10002963,MMV1171 Forklift Crown CD30 Huntly,0401-160-440-250
10002964,NMV1172 Forklift Crown CD30S-5 Waipapa,2203-160-440-250
10002966,AC001 AirCon Invercargill,4857-160-999-090
10003071,MMV1173 50D-9SA Hyundai Forklift,0301-160-440-250
10003074,MMV1175 Hyundai HL757-9 Waipukarau,1710-160-440-250
10003075,MMV1176 Hyundai HL740-9 Maru,0301-160-440-250
10003076,MMV1177 WL300 FLIP SCREEN MARU,0301-160-070-210
10003077,MMV1178 Hyundai 30DT-7 Forklift Iri,1010-160-999-250
10003078,MMV1179 Crown CD30S-5 Forklift,0301-160-440-250
10003079,MMV1180 Crown CD30S-5 Forklift Maru,0301-160-440-250
10003080,MMV1181 Crown CD30S-5 Forklift Maru,0301-160-440-250
10003081,MMV1182 Crown CD30S-5 Forklift,0601-160-440-250
10003082,MMV1183 Hyundai 30DT-7 Forklift,0701-160-999-250
10003083,NMV1184 Crown CD30S-5 Forklift,2201-160-440-250
10003085,Ensign High Tip Bucket Maru Street,0301-160-440-250
10003147,MMV1187 Crown CD30S-5 Otorohanga,0701-160-999-250
10003268,NMV1188 GIANT D204 Compact Loader,2201-100-440-250
10003289,Shuttle Converyor,1014-160-010-050
10003290,Bucket Elevator,1014-160-010-050
10003291,Shuttle Winch - Intake,1014-160-010-150
10003292,Incline Conveyor,1014-160-010-050
10003293,Elec System - Intake Conveyor,1014-160-010-090
10003294,Davit Arm,1014-160-010-130
10003295,Intake Pit Ventilation,1014-160-010-150
10003296,Guarding - Intake,1014-160-010-150
10003297,Platforms & Walkways - Intake,1014-160-010-030
10003298,Shuttle Rails - Intake,1014-160-010-030
10003299,Intake Pit,1014-160-010-170
10003300,Hopper - intake,1014-160-010-260
10003301,#1 - Hopper Weighing Equipment,1014-160-111-270
10003302,Site PPE,1014-160-450-225
10003303,Site Tools,1014-160-450-220
10003304,Office Furniture,1014-160-450-220
10003305,Site Radios,1014-160-450-225
10003306,#1 - Hopper,1014-160-111-260
10003307,#2 - Hopper Weighing Equipment,1014-160-111-270
10003308,Compressor - Intake,1014-160-300-040
10003309,Compressed Air Lines - Intake,1014-160-300-040
10003310,Compressor - Despatch,1014-160-300-040
10003311,Compressed Air Lines - Despatch,1014-160-300-040
10003312,Platforms & Walkways - Despatch,1014-160-111-030
10003313,Shuttle Rails - Despatch,1014-160-111-030
10003314,Shuttle Winch - Despatch,1014-160-111-150
10003315,Guarding - Despatch,1014-160-111-150
10003316,Diverter - Despatch,1014-160-111-150
10003317,Flail Mill - Despatch,1014-160-111-070
10003318,Loading Hut - Despatch,1014-160-111-030
10003319,Drag Chain Conveyor #1 - Despatch,1014-160-111-010
10003320,Drag Chain Conveyor #2 - Despatch,1014-160-111-010
10003321,Blender Hopper #2 Vibrator #1,1014-160-111-010
10003322,Blender Hopper #1 Vibrator #1,1014-160-111-010
10003323,Elec System - Blender Conveyor #1,1014-160-111-090
10003324,Elec System -  Bulk Storage,1014-160-430-030
10003325,Ethernet - Bulk Storage,1014-160-430-030
10003326,HVac - Bulk Storage,1014-160-430-030
10003327,Rain Gardens,1014-160-370-220
10003328,Boundry - Fencing,1014-160-370-225
10003329,Ethernet - Main Office,1014-160-430-090
10003330,Elec System -  Main Office,1014-160-430-090
10003331,HVac - Main Office,1014-160-430-090
10003332,Ethernet - Bulk Store,1014-160-430-090
10003333,HVac - Bulk Store,1014-160-430-090
10003334,Elec System - Bulk Store,1014-160-430-090
10003335,HVac - Bag Store,1014-160-430-090
10003336,Elec System - Bag Store,1014-160-430-090
10003337,Ethernet - Bag Store,1014-160-430-090
10003338,Bucket Elevator - Despatch,1014-160-111-050
10003339,Incline Conveyor - Despatch,1014-160-111-050
10003340,Shuttle Conveyor - Despatch,1014-160-111-050
10003341,Main Gate - Site,1014-160-370-225
10003342,MCC - Bulk Material Intake & Despatch,1014-160-310-090
10003343,Portable Water System,1014-160-350-160
10003344,Truck Wash - Piping,1014-160-350-160
10003345,Storm Water - Piping,1014-160-350-160
10003346,Truckwash Contaminate Seperation Sumps,1014-160-350-170
10003347,Stormwater Sumps,1014-160-350-170
10003348,Grassed Area,1014-160-370-220
10003349,Stormwater Pump #1,1014-160-350-190
10003350,Stormwater Pump #2,1014-160-350-190
10003351,Stormwater Pump #3,1014-160-350-190
10003352,Stormwater Pump #4,1014-160-350-190
10003353,Potable Water Pump,1014-160-350-190
10003354,Stormwater Tank #1,1014-160-350-260
10003355,Stormwater Tank #2,1014-160-350-260
10003356,Stormwater Tank #3,1014-160-350-260
10003357,Stormwater Tank #4,1014-160-350-260
10003358,Portable Water Tank,1014-160-350-260
10003359,Fire Alarm Main Office,1014-160-430-090
10003360,Fire Alarm Bag Store,1014-160-430-090
10003361,Fire Alarm Bulk Store,1014-160-430-090
10003362,Site - Transformer,1014-160-310-090
10003363,Elec System - Bucket Elevator,1014-160-010-090
10003364,Elec System - Transfer Conveyor,1014-160-010-090
10003365,Elec System - Shuttle Winch,1014-160-010-090
10003366,Elec System - Shuttle Conveyor,1014-160-010-090
10003367,Elec System - Hopper Vibrator #1,1014-160-010-090
10003368,Elec System - Hopper Vibrator #2,1014-160-010-090
10003369,Elec System - Hopper Vibrator #3,1014-160-010-090
10003370,Elec System - Hopper Vibrator #4,1014-160-010-090
10003371,Elec System - Blender Hopper#1 Vib#1,1014-160-111-090
10003372,Elec System - Blender Hopper#1 Vib#2,1014-160-111-090
10003373,Elec System - Blender Conveyor #2,1014-160-111-090
10003374,Elec System - Blender Hopper#2 Vib#1,1014-160-111-090
10003375,Elec System - Blender Hopper#2 Vib#2,1014-160-111-090
10003376,Elec System - Bucket Elevator,1014-160-111-090
10003377,Elec System - Reciprocating Screen,1014-160-111-090
10003378,Elec System - Flail Mill,1014-160-111-090
10003379,Elec System - Incline Conveyor,1014-160-111-090
10003380,Elec System - Divertor,1014-160-111-090
10003381,Elec System - Shuttle Conveyor,1014-160-111-090
10003382,Elec System - Shuttle Winch,1014-160-111-090
10003383,Rapid Door #1 Intake Entry - D11,1014-160-430-030
10003384,Rapid Door #2 Intake Exit - D12,1014-160-430-030
10003385,Rapid Door #3 Despatch Entry - D04,1014-160-430-030
10003386,Rapid Door #4 Despatch Exit - D07,1014-160-430-030
10003387,Elec - Rapid Door #1 Intake Entry - D11,1014-160-430-090
10003388,Elec - Rapid Door #2  Intake Exit - D12,1014-160-430-090
10003389,Elec -Rapid Door #3 Despatch Entry - D04,1014-160-430-090
10003390,Elec - Rapid Door #4 Despatch Exit - D07,1014-160-430-090
10003391,Roller Door #1 Bulk Store East - D09,1014-160-430-030
10003392,Roller Door #1 - Bag Store - D18,1014-160-430-030
10003393,Roller Door #2 - Bag Store - D17,1014-160-430-030
10003394,Roller Door #3 - Bag Store - D16,1014-160-430-030
10003395,Roller Door #4 - Bag Store - D15,1014-160-430-030
10003396,Roller Door #2 Bulk Store North - D03,1014-160-430-030
10003397,Bulk Store - Bollards,1014-160-430-030
10003398,HVac - MCC Switch Room,1014-160-310-090
10003399,UPS 24-Volt - Main Switch Room,1014-160-310-090
10003400,Site - Signage,1014-160-450-225
10003401,Waste Water System Piping,1014-160-360-160
10003402,Waste Water System Drip Lines,1014-160-360-160
10003403,Waste Water Pump #1,1014-160-360-190
10003404,Waste Water Tank #1,1014-160-360-260
10003407,Plant Safety - Despatch,1014-160-450-225
10003408,Plant Safety - Bulk Material Intake,1014-160-450-225
10003409,UPS 24-Volt - Office,1014-160-310-090
10003410,O2 Sensors - Bulk Material Intake,1014-160-010-090
10003411,Weighing Control Panels - Despatch,1014-160-111-090
10003412,Main Distribution Board,1014-160-310-090
10003413,Emergency_Exit Lighting,1014-160-450-225
10003414,Truck Lane Control  Bulk Material Intake,1014-160-010-090
10003415,Truck Lane Control - Despatch,1014-160-111-090
10003416,Building - External Cladding - Bulk/Bag,1014-160-430-030
10003417,Building - External Cladding - Office,1014-160-430-030
10003418,Intake - Distribution - Control,1014-160-010-090
10003419,Despatch - Distribution - Control,1014-160-111-090
10003420,Elec RollerDoor #1 BulkStore East - D09,1014-160-430-090
10003421,Elec - Roller Door #1 - Bag Store - D18,1014-160-430-090
10003422,Elec - Roller Door #2 - Bag Store - D17,1014-160-430-090
10003423,Elec - Roller Door #3 - Bag Store - D16,1014-160-430-090
10003424,Elec - Roller Door #4 - Bag Store - D15,1014-160-430-090
10003425,Elec RollerDoor #2 BulkStore North - D03,1014-160-430-090
10003426,Elec - Roller Door #1 Intake Entry - D11,1014-160-430-090
10003427,Roller Door #1 - Intake Entry - D11,1014-160-430-030
10003428,Roller Door #2 - Intake Exit - D12,1014-160-430-030
10003429,Elec - Roller Door #2 Intake Exit - D12,1014-160-430-090
10003430,Elec- Roller Door #3 Despatch Entry- D04,1014-160-430-090
10003431,Roller Door #3 - Despatch Entry - D04,1014-160-430-030
10003432,Roller Door #4 - Despatch Exit - D07,1014-160-430-030
10003433,Elec - Roller Door #4 Despatch Exit- D07,1014-160-430-090
10003437,MMV1191 Hyundai HL 757-9 Maru,0301-160-440-250
10003438,SMV1192 Hyundai HL757-9 Rolleston,4916-160-440-250
10003441,MMV1194 Hyundai HL740-9 TeKuiti,1015-160-999-250
10003443,MMV1196 Crown CD30 Forklift TePuke,1155-160-999-250
10003444,MMV1197 Crown CD30 Forklift Maru,0301-160-440-250
10003445,MMV1198 Crown CD30 Forklift Maru,0301-160-440-250
10003446,NMV1199 Crown CD30 Forklift Kaikohe,2202-160-440-250
10003447,NMV1200 Crown CD30 Forklift Whanga,2201-160-440-250
10003450,NMV1202 Hyundai HL760-9 XTD,2201-110-440-250
10003451,MMV1195 Volvo L90H & Hitch,0601-160-440-250
10003454,Reciprocating Screen,1014-160-111-210
10003455,Blender Hopper #1 Vibrator #2,1014-160-111-010
10003456,Blender Hopper #2 Vibrator #2,1014-160-111-010
10003457,Gas Detection System,1014-160-010-090
10003748,MMV1203 Heli Electric Forklift,0301-160-440-250
10003749,SMV1204 Heli Electric Timaru,4905-160-440-250
10003750,MMV1205 Eureka Magnum Sweeper,0601-160-440-250
10003756,M840 - No1 Hammer Mill,0601-160-112-070
10003757,Elect-MCC/SWBD- Raw Materials Intake,0601-160-010-090
10003758,Elect-Control Panel- Raw Materials Intak,0601-160-010-090
10003759,Elect-General- Bag Plant,0601-160-100-090
10003760,Elect-Control Panel- Bag Plant,0601-160-100-090
10003762,Elect-General- Raw Materials Intake,0601-160-010-090
10003763,Vibrator - Raw Materials Intake Hopper,0601-160-010-150
10003765,Shuttle Traverse - Speed Belt,0601-160-010-150
10003766,Shuttle Traverse - Super Store,0601-160-010-150
10003767,Shuttle Traverse - Urea(G/Bays),0601-160-010-150
10003769,Shuttle Traverse -HA Store,0601-160-010-150
10003770,Pump - Agrotain Dosing,0601-160-010-190
10003771,Hopper - Intake,0601-160-010-260
10003773,"Product Bins, Hoppers, Walls",0601-160-020-260
10003777,Platforms/Walkways - Bagology,0601-160-100-030
10003780,Z846 Screen - Bagging Plant,0601-160-100-210
10003781,Scales - Portable/Check Weigh,0601-160-100-270
10003786,Platforms/Walkways - No 1 Despatch,0601-160-111-030
10003787,Elect-MCC/Switchboard- No1 Despatch,0601-160-111-090
10003788,Elect-Control Panel (HMI) - No1 Despatch,0601-160-111-090
10003789,Elect-General- No1 Despatch,0601-160-111-090
10003790,Elect-General- Bulk Storage areas,0601-160-020-090
10003791,XH61V - Vibrator No1 (Urea) Feed Hopper,0601-160-111-150
10003792,Platforms/Walkways - No 2 Despatch,0601-160-112-030
10003795,Elect - General - No2 Despatch,0601-160-112-090
10003797,Z841 - Screen No2 Despatch,0601-160-112-210
10003798,Scales - Portable/Check weigh,0601-160-112-270
10003799,Platforms/Walkways - No 3 Despatch,0601-160-113-030
10003800,Elect-General - No3 Despatch,0601-160-113-090
10003801,C830 - Shuttle Traverse/Winch,0601-160-113-150
10003802,C830 - Shuttle Hoist/Winch,0601-160-113-150
10003803,C845 - Shuttle Traverse/Winch,0601-160-112-150
10003804,C845 - Shuttle Hoist/Winch,0601-160-112-150
10003805,Scales - Portable/Check weigh,0601-160-113-270
10003806,Air Compressor (Standby),0601-160-300-040
10003807,Elec - Switchroom - No1 Powerhouse,0601-160-310-030
10003808,Elec - Switchroom - Main 11KV Room,0601-160-310-030
10003809,Elec - Switchroom - CalMag 11KV,0601-160-310-030
10003810,Effluent - Septic Tank (Main),0601-160-360-220
10003811,Effluent - Septic Tank (No 3),0601-160-360-220
10003812,Fire Fighting Equipment (Hydrants),0601-160-370-225
10003813,Site Water Meters,0601-160-340-220
10003814,Platforms/Walkways - Stormwater Ponds,0601-160-350-030
10003815,Platforms/Walkways - Intake System,0601-160-010-030
10003816,Elect-General Stormwater,0601-160-350-090
10003817,Process Control - Stormwater System,0601-160-350-090
10003818,Elect - MCC/SWBD - Stormwater System,0601-160-350-090
10003819,Elect - Control Panel(HMI) Stormwater,0601-160-350-090
10003820,Inst -  General Instrumentation - Pond,0601-160-350-120
10003821,Inst -  Conductivity - Pond,0601-160-350-120
10003822,Inst - Flow - Pond  Weir Outflow,0601-160-350-120
10003823,Inst - Level - Pond  Level,0601-160-350-120
10003824,Inst -  Analysis - Pond Intlet pH,0601-160-350-120
10003825,Inst -  Analysis - Pond Outlet pH,0601-160-350-120
10003826,Inst -  Analysis - Pond Weir pH,0601-160-350-120
10003827,Winch - Pump Lifting Winch,0601-160-350-150
10003828,Pipes - Underground,0601-160-350-160
10003829,Pipes - Pond Recirculation,0601-160-350-160
10003830,Stormwater Ponds,0601-160-350-170
10003831,Sumps - Site Wide Stormwater,0601-160-350-170
10003832,Pump - Pond Recirculation,0601-160-350-190
10003833,Valve - Pond Outlet,0601-160-350-240
10003834,Valve - Manual Isolation,0601-160-350-240
10003844,_1019 Yard Runoff Pump Netherton,1019-160-999-220
10003848,#1 - Hopper,1715-160-111-260
10003849,Drag Chain Conveyor #1 - Despatch,1715-160-111-050
10003850,Drag Chain Conveyor #2 - Despatch,1715-160-111-050
10003855,Platforms & Walkways - Despatch,1715-160-111-030
10003856,Lump Breaker - Despatch,1715-160-111-070
10003857,Bucket Elevator - Despatch,1715-160-111-050
10003862,Elec System - Drag Chain Conveyor #1,1715-160-111-090
10003863,Elec System - Drag Chain Conveyor #2,1715-160-111-090
10003864,Elec System - Bucket Elevator,1715-160-111-090
10003865,Despatch - Upper Diverter,1715-160-111-210
10003866,Despatch - Lower Diverter,1715-160-111-210
10003867,Elec System - Despatch - Upper Diverter,1715-160-111-090
10003868,Elec System - Despatch - Lower Diverter,1715-160-111-090
10003869,Elec System - Lump Breaker,1715-160-111-090
10003870,Weighing Control Panels - Despatch,1715-160-111-090
10003871,Despatch - Distribution - Control,1715-160-111-090
10003872,ELEC System - Guarding - Despatch,1715-160-111-090
10003873,Guarding - Despatch,1715-160-111-150
10003874,ELEC System - Reciprocating Screen,1715-160-111-090
10003875,Reciprocating Screen,1715-160-111-210
10003878,#1 - Hopper Weighing Equipment,1715-160-111-270
10003879,#2 - Hopper Weighing Equipment,1715-160-111-270
10003880,Compressor - Despatch,1715-160-300-040
10003881,Compressed Air Lines,1715-160-300-040
10003882,MCC - Despatch,1715-160-310-090
10003883,Site - Transformer,1715-160-310-090
10003884,HVac - MCC Switch Room,1715-160-310-090
10003887,Main Distribution Board,1715-160-310-090
10003888,Stormwater Sumps,1715-160-350-170
10003889,Waste Water System Piping,1715-160-360-160
10003895,Emergency_Exit Lighting,1715-160-450-225
10003896,Fire Fighting Equipment,1715-160-450-225
10003897,Roller Door #3 Bulk Store,1715-160-430-030
10003898,Roller Door #4 Bag Store,1715-160-430-030
10003899,Roller Door #1 Despatch Entry,1715-160-430-030
10003900,Roller Door #2 Despatch Exit,1715-160-430-030
10003901,Despatch - Bollards/Fencing,1715-160-430-030
10003902,Building - Office,1715-160-430-030
10003903,Elec System -  Bulk Storage,1715-160-430-090
10003908,Elec - Roller Door #3 Bulk Store,1715-160-430-090
10003909,Elec - Roller Door #4 Bag Store,1715-160-430-090
10003910,Elec - Roller Door #1 Despatch Entry,1715-160-430-090
10003911,Elec - Roller Door #2 Despatch Exit,1715-160-430-090
10003912,Elec System - Blender #1,1715-160-111-090
10003913,Elec System - Blender #2,1715-160-111-090
10003915,Elec System - Bag Store,1715-160-430-090
10003916,Elec System - Despatch,1715-160-430-090
10003939,ELEC System - Reciprocating Screen,1715-160-111-090
10003940,Main Gate - Site,1715-160-370-225
10003944,MMV1208 Hyundai HL 770-9 QHitch,0301-160-440-250
10003945,SMV1209  Hyundai HL770-9 Timaru Hub,4905-160-440-250
10003946,NMV1210 Hyundai HL760-9,2201-110-440-250
10003966,_1019 AW310 Air Compressor,1019-160-999-220
10003984,Platforms/Walkways - Suspension,0601-170-470-030
10003985,Elect - MCC/PLC - Suspension Plant,0601-170-470-090
10003986,ELEC - Process Control - Soft,0601-170-470-090
10003987,Inst - Conductivity - Acid Tank,0601-170-470-120
10003988,Inst  - Flow - Liquid 19N despatch,0601-170-470-120
10003989,Vibrator - DAP Silo,0601-170-470-150
10003990,Inst - Flow - Suspensions Despatch,0601-170-470-120
10003991,Inst - Flow - Acid Transfer Flow Switch,0601-170-470-120
10003992,Inst - Flow - Safety Shower Flow Switch,0601-170-470-120
10003993,Inst - Level - Tank 2,0601-170-470-120
10003994,Inst - Level - Tank 3,0601-170-470-120
10003995,Inst - Level - Tank 6,0601-170-470-120
10003996,Inst - Level - Acid Tank,0601-170-470-120
10003997,Inst - Level - DAP Silo,0601-170-470-120
10003998,Inst - Level - Potash Silo,0601-170-470-120
10003999,Inst  Level Acid Tank HiHi Level Switch,0601-170-470-120
10004000,Inst Level Acid Tnk Bund Hi Level Switch,0601-170-470-120
10004001,Inst - Pressure - Acid Purge Line,0601-170-470-120
10004002,Vibrator - DAP/Potash Hopper,0601-170-470-150
10004003,Vibrator - Potash Silo,0601-170-470-150
10004004,Vibrator - Urea Intake Hopper,0601-170-470-150
10004005,Vibrator XM30 Silo #1 Discharger,0601-170-480-150
10004006,Vibrator - XM31 Silo #2 Discharger,0601-170-480-150
10004007,Vibrator XM32 Silo #3 Discharger,0601-170-480-150
10004008,Platforms - Coated Urea (Pebbles),0601-170-480-030
10004020,MMV1214 Hyundai 50D-9A Forklift,0301-160-440-250
10004031,MMV1215-HELI CPD35-GB2Li-H Electric,0301-160-440-250
10004032,MMV1219 - HELI CPD35 Li-H Electric,1352-160-999-250
10004033,MMV1218 HELI CPD35 Li-H Electric,0901-160-440-250
10004034,NMV1216 Heli CPD35 Li-H Electric,2201-160-440-250
10004035,NMV1217 Heli CPD35 Li-H Electric,2201-160-440-250
10004036,SMV1212 Hyundai HL740-9 Anama,4920-160-999-250
10004042,Bag Store Despatch,0601-160-430-030
10004055,NMV1218 Heli Electric Whangarei,2201-160-440-250
10004178,NMV2020 Eureka Magnum Floor sweeper,2201-080-180-250
10004189,SMV1224 XAS27 Portable compressor,4905-160-999-040
10004195,Piping - Despatch,0601-170-470-160
10004200,MMV1225 Heli CPCD35-W15H,1646-160-999-250
10004214,MV316 Tractor Timaru S/N NYS2A0329,6500-120-440-250
10004861,Bund - Suplhuric Acid Tank,0601-170-470-170
10005180,MMV1226 2024 Trailer ALLROAD Fielding,1645-160-999-250
10005185,SMV1127 Hyundai HL955 Owhiro,4815-160-440-250
20048000,NAM960_AM961 Inst-Analyser SO2 Stack,20048051
20048001,NDH402 Hopper-Dragchain,2201-110-090-260
20048003,NMV128 Forklift-General,2201-130-440-250
20048004,NAB100 Building- Sulphur Store,2201-080-010-030
20048005,NAB101 Building- Sulphur Melter,2201-080-120-030
20048006,NAB102 Building-Sulphur Filter,2201-080-120-030
20048007,NAT306 Tank-Condensate Cooler,2201-080-150-260
20048008,NAM405 Misc-AP Workshop Gantry,2201-080-180-130
20048009,NRE101 Elec-Lighting & Bldg Services,2201-090-310-090
20048010,NDB900 Building-Raw Mat Store B,2201-090-010-030
20048011,NAM956 Misc-Water Pipes-Acid plant,2201-080-340-160
20048012,NSM940 Misc-Site Grounds & Roading,2201-120-370-220
20048013,NSM970 Misc-Portable equip.-Workshop.,2201-130-380-090
20048014,NVM200 Misc-Machinery Dargaville,2208-160-110-150
20048015,NAE103 Transformer 800Kva -Ap & Manuf,2201-080-310-090
20048016,NAE400 Transformer 500Kva -For  AP2,2201-080-310-090
20048017,NAE401 Transformer 800Kva -Main blower,2201-080-310-090
20048018,NDM101 Misc-Vibrator No1 Raw Feed,2201-110-060-150
20048019,NDM102 Misc-Vibrator No1 Fines,2201-110-070-150
20048020,NME103 Transformer 800Kva-Manufacture,2201-100-310-090
20048021,NME401 Transformer 300Kva-Scrubber Sys.,2201-100-310-090
20048022,NRB502 Building-Raw Mat Store C(Rk),2201-090-010-030
20048023,NRE315 Transformer 800Kva-BM30 Mill,2201-090-310-090
20048024,NMC800 Conv-Mixer Additives Intake,2201-100-250-050
20048025,NMC801 Conv-Feed to mixer Add. Elev.,2201-100-250-050
20048026,NMC802 Conv-Mixer Additives Weigh,2201-100-250-050
20048027,NMH800 Hopper-Mixer Additives Intake,2201-100-250-260
20048028,NMH802 Hopper-Mixer Additives Weigh,2201-100-250-260
20048029,NMX801 Elevator-Mixer Additives,2201-100-250-050
20048030,NRM194 Misc-BM14 Dust Coll.-Pulse Air,2201-100-040-210
20048031,NRM286 Misc-Pulse Air-Bm20 Dust Coll.,2201-100-040-210
20048032,NRM322 Misc-Pulse Air Bm30 Dust Coll.,2201-100-040-210
20048033,NRM468 Misc-Pulse Air Main Dust Ext.,2201-100-290-210
20048034,NMP255 Pump-Mixer Water Supply,2201-100-200-190
20048035,NMT201 Tank- Mixer Water Supply,2201-100-200-260
20048036,NMM202 Misc-Recycle Hopper Vibrator,2201-100-190-150
20048037,NMM304 Misc-Pulveriser Chute Vibrator,2201-100-210-150
20048038,NMM613 Misc-Vibrator Finished Prod.Chute,2201-100-270-150
20048039,NAM412 Misc-Acid Export Despatch Stand.,2201-080-180-150
20048040,NMM960_MI001 Inst-Press. Mains Air,20048449
20048041,NMM960_MI002 Inst-Weight. Powder Silos,20048449
20048042,NMM960_MI004 Inst-Flow.Sulp.Acid toMixer,20048449
20048043,NSM960_SI005 Inst-Ph Eff. Pond Entrance,20048552
20048044,NSM960_SI006 Inst-Ph Eff. Pond Exit,20048552
20048045,NMM960_MI007 Inst-Flow. Sec.H2O To Mixer,20048449
20048046,NMM960_MI008 Inst-Flow.HFA To Cond.,20048449
20048047,NMM960_MI009 Inst-Flow.HFA To Gran. Drum,20048449
20048048,NMM960_MI010 Inst-Temp.HFA Scrubber Flue,20048449
20048049,NSM960_SI011 Inst-Temp.Eff. Pond Exit,20048552
20048050,NSM960_SI012 Inst-Level Eff. Pond Exit,20048552
20048051,NAM960 Misc-Instruments Acid Plant,2201-080-180-120
20048052,NMM960_MI017 Inst-Press. Instrument Air,20048449
20048053,NMT450 Tank-Liquid Caustic Soda,2201-100-360-260
20048054,NMT451 Tank-Liquid Caustic Soda Overflow,2201-100-360-260
20048055,NMM453 Misc- Liquid Caustic Soda Control,2201-100-360-240
20048056,NRM195 Misc-Vibrator BM14 Mill Hopper,2201-100-040-150
20048057,NAM970 Misc-Portable Equip.-Acid Plant,2201-080-180-090
20048058,NRM970 Misc-Portable Equip.-Milled Rock,2201-090-050-090
20048059,NDM970 Misc-Portable Equip.Despatch,2201-110-110-090
20048060,NMS715 Screw-Additive Ex-Weighfeeder,2201-100-030-050
20048061,NMS717 Screw-2nd Transfer For Additives,2201-100-030-050
20048062,NMS716 Screw-1st Transfer For Additives,2201-100-030-050
20048063,NMV174 Loader-Case Skid Steer 410,2201-100-440-250
20048064,NMM720 Misc-Vibrator Add. Hopper MH712,2201-100-260-150
20048065,NMM721 Misc-Vibrator Add. Hopper MH711,2201-100-260-150
20048066,NMM405 Misc-Scrubber Waterblaster,2201-100-220-150
20048067,NMT406 Tank-HFA StorageTo Granulation,2201-100-230-260
20048068,NMM957_MK410 Valve-H2O top of MT402,20048448
20048069,NDM157 Misc-'A' 1.5t Rotary feeder,2201-110-080-050
20048070,NDM160 Misc-'A' 0.3t Rotary feeder,2201-110-080-050
20048071,NDM201 Misc-Vibrator No2 Raw Feed,2201-110-060-150
20048072,NDM202 Misc-Vibrator No2 Fines,2201-110-070-150
20048073,NDM301 Misc-Vibrator No3 Raw Feed,2201-110-060-150
20048074,NDM302 Misc-Vibrator No3 Fines,2201-110-070-150
20048075,NDM401 Misc-Vibrator No4 Raw Feed,2201-110-060-150
20048076,NDM402 Misc-Vibrator No4 Fines,2201-110-070-150
20048077,NDM501 Misc-Vibrator No5 Raw Feed,2201-110-060-150
20048078,NDM502 Misc-Vibrator No5 Fines,2201-110-070-150
20048079,NDM557 Misc-'C' 1.5t Rotary feeder,2201-110-080-050
20048080,NDM560 Misc-'C' 0.3t Rotary feeder,2201-110-080-050
20048081,NDM561 Misc-'C' 0.15t Rotary feeder,2201-110-080-050
20048082,NDM601 Misc-Vibrator No6 Raw Feed,2201-110-060-150
20048083,NDM602 Misc-Vibrator No6 Fines,2201-110-070-150
20048084,NMP256 Pump-Den Chain Lube Lift,2201-100-190-190
20048085,NMT203 Tank-Header Den Chain Lube,2201-100-190-260
20048089,NAP311 Pump-Condensate Extract 'A',2201-080-150-190
20048090,NAP312 Pump-Condensate Extract 'B',2201-080-150-190
20048091,NMM957_MK011 Valve-HFA Isolation ToMixer,20048448
20048092,NMM950_MK012 Valve-H2SO4 Isol. to mixer,20048444
20048093,NDM165 Misc-`A` Plant Shuttle Drive,2201-110-090-150
20048094,NDC122 Conv-`A` Plant Infeed Shuttle,2201-110-070-050
20048095,NDC521 Conv- Infeed `C` Transfer,2201-110-070-050
20048096,NDC522 Conv- Infeed `c` Shuttle,2201-110-070-050
20048097,NDM523 Misc-'C' Infeed Shuttle Winch,2201-110-070-150
20048098,NDC150 Conv-`A` Plant Outfeed Collector,2201-110-090-050
20048099,NDC152 Conv-Bin 2 `A` Plant Weigh,2201-110-080-050
20048100,NDC153 Conv-Bin 3 `A` Plant Weigh,2201-110-080-050
20048101,NDC154 Conv-Bin 4 `A` Plant Weigh,2201-110-080-050
20048102,NDC155 Conv-Bin 5 `A` Plant Weigh,2201-110-080-050
20048103,NDC156 Conv-Bin 6 `A` Plant Weigh,2201-110-080-050
20048104,NDC550 Conv-`C` Plant Outfeed Collector,2201-110-090-050
20048105,NDC551 Conv-Bin 1 `C` Plant Weigh,2201-110-080-050
20048106,NDC552 Conv-Bin 2 `C` Plant Weigh,2201-110-080-050
20048107,NDC553 Conv-Bin 3 `C` Plant Weigh,2201-110-080-050
20048108,NDC554 Conv-Bin 4 `C` Plant Weigh,2201-110-080-050
20048109,NDC555 Conv-Bin 5 `C` Plant Weigh,2201-110-080-050
20048110,NDC562 Conv-`C` Plant Outfeed Cross,2201-110-090-050
20048111,NDH140 Hopper-'A' Plant 1.5t Trace ele.,2201-110-080-260
20048112,NDH143 Hopper-'A' Plant 0.3t Trace ele.,2201-110-080-260
20048113,NDH540 Hopper-'C' Plant 1.5t Trace ele.,2201-110-080-260
20048114,NDH542 Hopper-'C' Plant 0.3t Trace ele.,2201-110-080-260
20048115,NDH543 Hopper-'C' Plant 0.3t Trace ele.,2201-110-080-260
20048116,NDH544 Hopper-'C' Plant 0.15t Trace ele.,2201-110-080-260
20048117,NDH701 Hopper- Bin 1 30t Product,2201-110-080-260
20048118,NDH702 Hopper- Bin 2 30t Product,2201-110-080-260
20048119,NDH703 Hopper- Bin 3 30t Product,2201-110-080-260
20048120,NDH704 Hopper- Bin 4 30t Product,2201-110-080-260
20048121,NDH705 Hopper- Bin 5 30t Product,2201-110-080-260
20048122,NDH706 Hopper- Bin 6 30t Product,2201-110-080-260
20048123,NDM123 Misc-`A` Infeed Shuttle Winch,2201-110-070-150
20048124,NMM313B Misc-Pulveriser No1 (West),2201-100-210-070
20048125,NSM945 Misc-Roads & Drains-Milled Rock,2201-090-370-220
20048126,NSM943 Misc-Roads & Drains-Acid Plant,2201-080-370-220
20048127,NSM944 Misc-Roads & Drains-Manufacture,2201-100-370-220
20048128,NSM946 Misc-Roads & Drains-Despatch,2201-110-370-220
20048129,NDE101 Elec-Lighting & Bldg Services,2201-110-310-090
20048130,NME101 Elec-Lighting & Bldg Services,2201-100-310-090
20048131,NSM980 Misc-Site Fire Fighting Equipment,2201-120-450-220
20048134,NKB100 Building-Bulk Store Kaikohe,2202-160-110-030
20048135,NJB100 Building-Bulk Store Waipapa,2203-160-110-030
20048137,NFB100 Building-Main Store Fagans,2206-160-110-030
20048138,NFB102 Building-High Analysis Fagans,2206-160-110-030
20048139,NRB500 Building-Intake & RMI Stores,2201-090-010-030
20048140,NDB100 Building-Site Despatch,2201-110-430-030
20048141,NRB501 Building-Receiving Store,2201-090-010-030
20048142,NMB100 Building-Manufacture plant,2201-100-430-030
20048143,NSB100 Building-Eng. Workshop,2201-130-380-030
20048144,NSB103 Building-Main office,2201-070-420-030
20048145,NSB102 Building-Canteen Amenties,2201-120-400-030
20048146,NSB101 Building- Engineering Stores,2201-130-380-030
20048147,NDB903 Building-Raw Mat Store A,2201-090-010-030
20048148,NDB904 Building-Green Bag Store,2201-090-010-030
20048149,NAB600 Building-Harbour Pump House,2201-080-320-030
20048150,NAB400 Building-AP Workshop,2201-080-180-030
20048151,NAB300 Building-Turbine hall & C.R,2201-080-180-030
20048152,NAB401 Building-AP Amenities,2201-080-180-030
20048153,NAC101 Conv-Raw Material StoreD(Sulphur),2201-080-010-050
20048154,NAM101 Misc-Sulphur Transfer Pit Coil,2201-080-120-100
20048155,NAM102 Misc-Sulphur Melting Coils(Steam),2201-080-120-100
20048156,NAM105 Dirty Pit Heating Coils(Steam),2201-080-120-100
20048157,NAM106 Misc-Dirty Pit Agitator,2201-080-120-010
20048158,NAM107 Misc-Pre-Coat Heating Coil(Steam),2201-080-120-100
20048159,NAM108 Misc-Pre-Coat Agitator,2201-080-120-010
20048160,NAM109 Misc-Sulphur Filter,2201-080-120-210
20048161,NAM957 Misc-Sulphur Piping-Acid plant,2201-080-120-160
20048162,NAP101 Pump-Transfer to Sulphur tank,2201-080-120-190
20048163,NAP104 Pump-Sulphur Pre Coat,2201-080-120-190
20048164,NAP105 Pump-Clean Sulphur `A`,2201-080-120-190
20048165,NAP106 Pump-Clean Sulphur 'B',2201-080-120-190
20048166,NAT101 Tank-Molten Sulphur Storage 1,2201-080-120-260
20048167,NAT102 Tank-Molten Sulphur Storage 2,2201-080-120-260
20048168,NAT103 Tank-Dirty Sulphur Pit,2201-080-120-260
20048169,NAT104 Tank-Pre Coat Sulphur Pit,2201-080-120-260
20048170,NAT105 Tank-Clean Sulphur,2201-080-120-260
20048171,NAT106 Tank-Sulphur Transfer Pit,2201-080-120-260
20048172,NAB200 Building-Priller Structure,2201-080-130-030
20048173,NAC201 Conv-Priller To Store,2201-080-010-050
20048174,NAP201 Pump-Priller No1 Sulphur,2201-080-130-190
20048175,NAP202 Pump-Priller No1 Slurry,2201-080-130-190
20048176,NAP203 Pump-Priller No1 Hydrocyclone,2201-080-130-190
20048177,NAP204 Pump-Priller No1 Tank Dosing,2201-080-130-190
20048178,NAP205 Pump-Priller No1 water spray,2201-080-130-190
20048179,NAT201 Tank-Priller No1 Water,2201-080-130-260
20048180,NAZ201 Screen-Priller No1 Rotary 'A',2201-080-130-210
20048181,NAZ202 Screen-Priller No1 Rotary 'B',2201-080-130-210
20048182,NAM202 Misc-Sulphur Prilling Piping,2201-080-130-160
20048183,NAM300 Misc-Sulphur Burner,2201-080-160-100
20048184,NAM301 Misc-Sulphur Gun,2201-080-160-100
20048185,NAM302 Misc-Main Boiler,2201-080-150-230
20048186,NAM303 Misc-Superheater,2201-080-160-100
20048187,NAM304 Misc-Economiser,2201-080-160-100
20048188,NAM305 Misc-Water Softener,2201-080-150-230
20048189,NAM307 Misc-Boiler Dose System,2201-080-150-230
20048190,NAM310 Misc-Steam Dump Valve.Silencer,2201-080-150-240
20048191,NAM311 Misc-Steam Turbine-Beliss,2201-080-150-200
20048192,NAM312 Misc-Packaged Auxiliary Boiler,2201-080-150-230
20048193,NAM313 Misc-Condensor (Turbo Alternator),2201-080-150-200
20048194,NAM314 Misc-DeSuperheater Valve,2201-080-150-240
20048195,NAP301 Pump-Softened Water `A`,2201-080-150-190
20048196,NAP302 Pump-Softened Water `B`,2201-080-150-190
20048197,NAP303 Pump-Softened Water `C`,2201-080-150-190
20048198,NAP305 Pump-Condensate Return `A`,2201-080-150-190
20048199,NAP306 Pump-Boiler Feed `A`,2201-080-150-190
20048200,NAP307 Pump-Boiler Feed `B`,2201-080-150-190
20048201,NAP308 Pump-Desuperheater `A`,2201-080-150-190
20048202,NAP309 Pump-Desuperheater 'B',2201-080-150-190
20048203,NAP310 Pump-Manufacture Condensate,2201-080-150-190
20048204,NAT301 Tank-Softened Water No1,2201-080-150-260
20048205,NAT302 Tank-Softened Water No2,2201-080-150-260
20048206,NAT303 Tank-Softened Water No3,2201-080-150-260
20048207,NAT304 Tank-De-Aerator,2201-080-150-260
20048208,NAT305 Tank-Boiler Feed,2201-080-150-260
20048209,NAM315 Misc-Boiler Water & Conds. piping,2201-080-150-160
20048210,NAM316 Misc-Boiler Steam System piping,2201-080-150-160
20048211,NAM320 Misc-Diesel Burner -Aux. Boiler,2201-080-150-230
20048212,NAF401 Fan-Main Blower,2201-080-160-040
20048213,NAF402 Fan-Auxiliary Blower,2201-080-160-040
20048214,NAM401 Misc-Main Exhaust Stack,2201-080-160-160
20048215,NAM402 Misc- Plate Cooler Acid,2201-080-170-100
20048216,NAM403 Misc-Plate Cooler-Acid (Export),2201-080-170-100
20048217,NAM406 Misc-Turbine Gantry,2201-080-180-130
20048218,NAP401 Pump-Acid Circulation,2201-080-170-190
20048219,NAP403 Pump-No4 Acid Tank,2201-080-170-190
20048220,NAP406 Pump-Portable Acid-Durco,2201-080-170-190
20048221,NAT401 Tank-Hot Filter Gas,2201-080-160-260
20048222,NAT402 Tank-Converter,2201-080-160-260
20048223,NAT403 Tank-Absorber Tower,2201-080-160-260
20048224,NAT404 Tank-Drying Tower,2201-080-160-260
20048225,NAT405 Tank-Acid Circulation,2201-080-170-260
20048226,NAT406 Tank-Acid Storage No1,2201-080-170-260
20048227,NAT407 Tank-Acid Storage No2,2201-080-170-260
20048228,NAT408 Tank-Acid Storage No3,2201-080-170-260
20048229,NAT409 Tank-Acid Storage No4,2201-080-170-260
20048230,NAM410 Misc-Piping-Acid Production,2201-080-170-160
20048231,NAM411 Misc-Ducting Air & Gas,2201-080-160-160
20048232,NAM420 Misc-Oleum System,2201-080-170-150
20048233,NAE600 Elec-Services Pump House,2201-080-320-090
20048234,NAE602 Transformer 275kva Pump House,2201-080-320-090
20048235,NAE601 Transformer 800kva-Pump House,2201-080-320-090
20048236,NAZ601 Screen-SaltWater Cooling Rotary A,2201-080-320-210
20048237,NAZ602 Screen-SaltWater Cooling Rotary B,2201-080-320-210
20048238,NAM603 Misc-Salt Water Cooling Chlorine,2201-080-320-160
20048239,NAM604 Misc-Salt Water Cooling Piping,2201-080-320-160
20048240,NAP601 Pump- SW Cooling Low Head A,2201-080-320-190
20048241,NAP602 Pump- SW Cooling Low Head B,2201-080-320-190
20048242,NAP603 Pump- SW Cooling Low Head C,2201-080-320-190
20048243,NAP604 Pump-SW Cooling High Head A,2201-080-320-190
20048244,NAP605 Pump-SW Cooling High Head B,2201-080-320-190
20048245,NAP606 Pump-Cooling Water Recirculation,2201-080-320-190
20048246,NAM700 Misc-Air Compressor-GA55 AtlasCop,2201-080-300-040
20048247,NAM702 Misc-Air Compressor-BroomwadeBW4L,2201-080-300-040
20048248,NAT700 Tank-Main Air Receiver,2201-080-300-260
20048249,NAT701 Tank-Instrument Air Receiver,2201-080-300-120
20048250,NAM706 Misc-Air Dryer (MTE),2201-080-300-080
20048251,NAM951 Misc-Air Pipes-Acid plant,2201-080-300-160
20048252,NAE100 Elec-Plant Switch Room,2201-080-310-090
20048253,NAE101 Elec-Lighting & Bldg Services,2201-080-310-090
20048254,NAE102 Elec-PLC & Comp Process,2201-080-310-120
20048255,NRH501 Hopper-RMI Intake (West),2201-090-010-260
20048256,NRH502 Hopper-RMI Intake (East),2201-090-010-260
20048257,NRC501 Conv-RMI West Feed belt,2201-090-010-050
20048258,NRC502 Conv-RMI East Feed belt,2201-090-010-050
20048259,NRC503 Conv-RMI South Incline Belt,2201-090-010-050
20048260,NRC504 Conv-RMI North Incline Belt,2201-090-010-050
20048261,NRC505 Conv-RMI Store B to CNth Transfer,2201-090-010-050
20048262,NRC506 Conv-RMI Store B to CSth Transfer,2201-090-010-050
20048263,NRM500 Misc-RMI Weigh Bridge,2201-090-010-270
20048264,NRC508 Conv-RMI Store C to D Transfer,2201-090-010-050
20048265,NRC510 Conv- RMI Store C (Rk) Belt,2201-090-010-050
20048266,NRM510 Misc-Winch RMI Store C Shuttle,2201-090-010-130
20048267,NRC509 Conv-RMI Store A (RPR) Belt,2201-090-010-050
20048268,NRC400 Conv-Tunnel Collector Belt,2201-100-030-050
20048269,NRC401 Conv-Tunnel Feed (Nth),2201-100-030-050
20048270,NRC402 Conv-Tunnel Feed (Mid),2201-100-030-050
20048271,NRC403 Conv-Tunnel Feed (Sth),2201-100-030-050
20048272,NRM402 Misc-Electro Magnet tunnel,2201-100-030-090
20048273,NRM403 Misc-Hammer Mill Jaques,2201-100-030-070
20048274,NRX405 Elevator-Crushed Rock,2201-100-030-050
20048275,NRS406 Screw- Rock Ex Elevator,2201-100-040-050
20048276,NRS407 Screw- Rock Over PCR Hoppers,2201-100-040-050
20048277,NRH404 Hopper-Rock Blending Sth,2201-100-030-260
20048278,NRH405 Hopper-Rock Blending Mid,2201-100-030-260
20048279,NRH406 Hopper-Rock Blending Nth,2201-100-030-260
20048280,NRC404 Conv-Rock Blending (Sth),2201-100-030-050
20048281,NRC405 Conv-Rock Blending (Mid),2201-100-030-050
20048282,NRC406 Conv-Rock Blending (Nth),2201-100-030-050
20048283,NRC407 Conv-Rock Blending Weigh (Sth),2201-100-030-050
20048284,NRC408 Conv-Rock Blending Weigh(Mid),2201-100-030-050
20048285,NRC409 Conv-Rock Blending Weigh (Nth),2201-100-030-050
20048286,NRC410 Conv-Blended Rock Collector,2201-100-030-050
20048287,NRX411 Elevator-Rock Blending,2201-100-030-050
20048288,NRS412 Screw-Rock Ex Blended Elevator,2201-100-040-050
20048289,NRS413 Screw-Rock transfer BM14_20,2201-100-040-050
20048290,NRC414 Conv-To Bm30 Mill Hopper,2201-100-030-050
20048291,NRS414 Screw-Rock to BM20 Mill Hopper,2201-100-040-050
20048292,NRH407 Hopper-BM 14 Mill Feed,2201-100-040-260
20048293,NRH408 Hopper-BM 20 Mill Feed,2201-100-040-260
20048294,NRH409 Hopper-BM 30 Mill Feed,2201-100-040-260
20048295,NRS422 Screw-Powder to Silos(Reversable),2201-100-040-050
20048296,NRS423 Screw-Powder Ex Bm30 Mill,2201-100-040-050
20048297,NRS424 Screw-Powder Silo Dist.(West),2201-100-040-050
20048298,NRS425 Screw-Powder Silo Dist.(East),2201-100-040-050
20048299,NRT400 Tank-Powder Silo No1,2201-100-040-260
20048300,NRT401 Tank-Powder Silo No2,2201-100-040-260
20048301,NRT402 Tank-Powder Silo No3,2201-100-040-260
20048302,NRT403 Tank-Powder Silo No4,2201-100-040-260
20048303,NRM960_RM426 Inst-Weight. Powder Silo,20048347
20048304,NRS427 Screw-Ex BM20 Dust Cyclones,2201-100-040-050
20048305,NRS428 Screw- Powder (Ex RS427),2201-100-040-050
20048306,NRS434 Screw-Ex Bm14 Dust Cyclone,2201-100-040-050
20048307,NRS429 Screw-Powder (Ex RS434),2201-100-040-050
20048308,NRS430 Screw-Powder (Ex RS429),2201-100-040-050
20048309,NRS431A Screw-BM14_20 Transfer (1st),2201-100-040-050
20048310,NRX432 Elevator-Powder Transfer,2201-100-040-050
20048311,NRS433 Screw-Ex Transfer Elevator,2201-100-040-050
20048312,NRS486 Screw-Ex RM285(BM20 Rotary Valve),2201-100-290-050
20048313,NRS187 Screw-Rock Bm14 Mill Feed,2201-100-040-050
20048314,NRM188 Misc-Bm14 Mill,2201-100-040-070
20048315,NRP188 Misc-Lubricator BM14 Mill,2201-100-040-070
20048316,NRF189 Fan-BM 14 Mill,2201-100-040-040
20048317,NRT190 Tank-BM14 Dust Collector & Hopper,2201-100-040-210
20048318,NRM190 Misc-Heater Bm14 Dust Collector,2201-100-040-080
20048319,NRF191 Fan-BM 14 Dust Collector,2201-100-040-040
20048320,NRS192 Screw-  Ex Bm14 Dust Collector,2201-100-040-050
20048321,NRM193 Misc-Rot.Valve Ex BM14 Dust Coll.,2201-100-040-050
20048322,NRT188 Tank-BM14 Cyclone & Flap Valve,2201-100-040-210
20048323,NRM279 Misc-BM 20 Mill Feed,2201-100-040-050
20048324,NRM280 Misc-BM 20 Mill,2201-100-040-070
20048325,NRP280 Misc-Lubricator BM20 Mill,2201-100-040-070
20048326,NRF281 Fan-BM 20 Mill,2201-100-040-040
20048327,NRT282 Tank-BM20 Dust Collector & Hopper,2201-100-040-210
20048328,NRM282 Misc-Heater Bm20 Dust Coll.,2201-100-040-080
20048329,NRF283 Fan-BM 20 Dust Collector,2201-100-040-040
20048330,NRS284 Screw- Ex Bm20 Dust Collector,2201-100-040-050
20048331,NRM285 Misc-Rot.Valve Ex BM20 Dust Coll.,2201-100-040-050
20048332,NRT280 Tank-BM20 Cyclones & Flap Valve,2201-100-040-210
20048333,NRM315 Misc-BM 30 Mill,2201-100-040-070
20048334,NRM315A Misc-BM30 Mill Lubricator,2201-100-040-070
20048335,NRM315B Misc-BM30 Mill Feeder,2201-100-040-050
20048336,NRF316 Fan-BM 30 Mill,2201-100-040-040
20048337,NRT317 Tank-BM30 Dust Collector & Hopper,2201-100-040-210
20048338,NRM317 Misc-Heater Bm30 Dust Coll.,2201-100-040-080
20048339,NRF318 Fan-BM 30 Dust Collector,2201-100-040-040
20048340,NRS320 Screw- Ex Bm30 Dust Collector,2201-100-040-050
20048341,NRM321 Misc-Rot.Valve Ex BM30 Dust Coll.,2201-100-040-050
20048342,NRT315 Tank-BM30 Cyclones & Flap Valve,2201-100-040-210
20048343,NRF463 Fan-Main Dust Collector,2201-100-290-040
20048344,NRS466 Screw-Below Main Dust Coll.,2201-100-290-050
20048345,NRM467 Misc-Rot.Valve Ex Main Dust Coll.,2201-100-290-050
20048346,NRM956 Misc-Water Pipes Milled Rock,2201-090-340-160
20048347,NRM960 Misc-Instruments Milled rock,2201-090-050-120
20048348,NRE100 Elec-Plant Switch Room,2201-090-310-090
20048349,NRE102 Elec-PLC & Comp Process,2201-090-310-120
20048350,NMP402 Pump- HFA Circulation ASH(Centre),2201-100-220-190
20048351,NMP403 Pump- HFA Circulation ASH (North),2201-100-220-190
20048352,NMP404 Pump-Salt Water Circ.-Scrubber,2201-100-220-190
20048353,NMP405 Pump-Salt Water Circ.-Scrubber,2201-100-220-190
20048354,NMP407 Pump-HFA Wilden Pump,2201-100-220-190
20048355,NMP408 Pump-Fume Scrubber Recirc.,2201-100-230-190
20048356,NMT400 Tank- HFA Tower No1,2201-100-220-260
20048357,NMT401 Tank-HFA Pipes And Sprays,2201-100-220-260
20048358,NMT402 Tank-Scrubber Tower,2201-100-220-260
20048359,NMT403 Tank-HFA Recirculation,2201-100-220-260
20048360,NMT404 Tank- Droplet Separator(Scrubber),2201-100-230-260
20048361,NMT405 Tank-Fume Scrubbing Circ.,2201-100-230-260
20048362,NMF401 Fan-HFA Scrubber,2201-100-220-040
20048363,NMF402 Fan-Fume Extraction,2201-100-230-040
20048364,NMM400 Misc-Stack_Fume Extraction,2201-100-230-160
20048365,NMM401 Misc-HFA Ducting,2201-100-220-160
20048366,NMM402 Misc-Fume Extraction Ducting,2201-100-230-160
20048367,NMM957_MK403 Valve-HFA to Mixer-Ex MP402,20048448
20048368,NMM957_MK404 Valve-HFA to Tower-Ex MP402,20048448
20048369,NMM957_MK405 Valve-HFA to Mixer-Ex MP403,20048448
20048370,NMM957_MK406 Valve-HFA toTower-Ex MP403,20048448
20048371,NMM957_MK407 Valve-1st HFA Drainof MT402,20048448
20048372,NMM957_MK408 Valve-2nd HFA Drainof MT402,20048448
20048373,NMM957_MK409 Valve-H2O Makeup to MT200,20048448
20048374,NMC139 Conv-Powder Weigh,2201-100-190-050
20048375,NMM132 Misc- Rotary Lock on RT403,2201-100-190-050
20048376,NMM133 Misc-Rotary Lock on RT402,2201-100-190-050
20048377,NMM175 Misc-Rotary Lock on RT401,2201-100-190-050
20048378,NMM176 Misc-Rotary Lock on RT400,2201-100-190-050
20048379,NMM177 Misc-Fluidising Air Blower,2201-100-190-040
20048380,NMM178 Misc- Air Slide Blower,2201-100-190-040
20048381,NMM179 Misc-Air Slide (Long),2201-100-190-050
20048382,NMM180 Misc-Air Slide (Short),2201-100-190-050
20048383,NMS134 Screw-Powder(Ex RT402) Discharge,2201-100-190-050
20048384,NMS135 Screw-Powder(Ex RT403) Discharge,2201-100-190-050
20048385,NMS136 Screw- Powder to Main Elevator,2201-100-190-050
20048386,NMS138 Screw- Powder To Twin Screws,2201-100-190-050
20048387,NMS137 Screw-Powder Ex Main Elevator,2201-100-190-050
20048388,NMS140 Screw-Powder Twin Screw Conv.,2201-100-190-050
20048389,NMS142 Screw-Powder Ex Weighbelt,2201-100-190-050
20048390,NMS143 Screw- Powder To Mixer,2201-100-190-050
20048391,NMX137 Elevator-Main Powder,2201-100-190-050
20048392,NMP160 Pump-Lubricator Powder System,2201-100-190-190
20048393,NMT200 Tank-Manufacture Acid,2201-100-200-260
20048394,NMM246 Misc-Mixer,2201-100-190-010
20048395,NMM248 Misc-Den And Moving Floor,2201-100-190-010
20048396,NMP249 Pump-Lubricator Den,2201-100-190-190
20048397,NMP254 Pump- Acid Pump (Manufacture),2201-100-200-190
20048398,NMM250 Misc-Den Reciprocating Sides,2201-100-190-010
20048399,NMM251 Misc-Den Cutters,2201-100-190-010
20048400,NMM251A Misc-Air Rams For Den Cutter,2201-100-190-150
20048401,NMC252 Conv-Den Cutout,2201-100-190-050
20048402,NMH200 Hopper- Den Cutout,2201-100-190-260
20048403,NMC253 Conv-Green Super,2201-100-210-050
20048404,NMC254 Conv-Clean Up (Recycle),2201-100-210-050
20048405,NMH201 Hopper-Clean Up (Recycle),2201-100-190-260
20048406,NMH600 Hopper- Below Classifier Screen.,2201-100-210-260
20048407,NMC600 Conv-Main Incline to Fin. Prods.,2201-100-270-050
20048408,NMC601 Conv-Main Shuttle Fin. Prods.,2201-100-270-050
20048409,NMM602 Misc-Winch Main Shuttle  (Fp),2201-100-270-130
20048410,NMC603 Conv-Store 1&2 Shuttle Belt,2201-100-270-050
20048411,NMC604 Conv-Store 3&4 Shuttle Belt,2201-100-270-050
20048412,NMC605 Conv-Store 5&6 Shuttle Belt,2201-100-270-050
20048413,NMC606 Conv-Store 7&8 Shuttle Belt,2201-100-270-050
20048414,NMM607 Misc-Winch Store 1&2 Shuttle (FP),2201-100-270-130
20048415,NMM608 Misc-Winch Store 3&4 Shuttle (FP),2201-100-270-130
20048416,NMM609 Misc-Winch Store 5&6 Shuttle (FP),2201-100-270-130
20048417,NMM610 Misc-Winch Store 7&8 Shuttle (FP),2201-100-270-130
20048418,NMM611 Misc-Finished prod. Sampler,2201-100-270-150
20048419,NMC700 Conv-RMI Store B (Potash-urea),2201-100-010-050
20048420,NMM700 Misc-Winch Raw Mat. Store B,2201-100-010-130
20048421,NMH700 Hopper-Additive intake,2201-100-260-260
20048422,NMC701 Conv-Discharge from Additive Hop.,2201-100-260-050
20048423,NMC702 Conv-Additive Incline,2201-100-260-050
20048424,NMC703 Conv-To Additive Shuttle,2201-100-260-050
20048425,NMC704 Conv- Shuttle over Additive Bins,2201-100-260-050
20048426,NMM704 Misc-Additives Shuttle Drive,2201-100-260-130
20048427,NMH711 Hopper-Additive No3 (North),2201-100-260-260
20048428,NMH712 Hopper-Additive No2 (Middle),2201-100-260-260
20048429,NMH713 Hopper-Additive No1 (South),2201-100-260-260
20048430,NMC711 Conv- Additive Weigh (North),2201-100-260-050
20048431,NMC712 Conv- Additive Weigh (Centre),2201-100-260-050
20048432,NMC713 Conv- Additive Weigh (South),2201-100-260-050
20048433,NMC714 Conv-To Additive Elevator,2201-100-260-050
20048434,NMX700 Elevator- Additive,2201-100-260-050
20048435,NMM306 Misc-Conditioner,2201-100-210-010
20048436,NMC307 Conv-No1 Recirculation Belt (No8),2201-100-210-050
20048437,NMC308 Conv-No2 Recirculation Belt (No7),2201-100-210-050
20048438,NMC309 Conv- Drum Feed Shuttle,2201-100-210-050
20048439,NMM310 Misc-Granulation Drum,2201-100-210-150
20048440,NMC311 Conv-Four foot (Ex Gr Drum),2201-100-210-050
20048441,NMM313A Misc-Pulveriser No1 (East),2201-100-210-070
20048442,NMZ319 Screen- Granulation Classifier,2201-100-210-210
20048443,NMM305 Misc-Gran.Air Ram System,2201-100-210-150
20048444,NMM950 Misc-Acid Pipes & Valves-Man.,2201-100-200-160
20048445,NMM951 Misc-Air Pipes-Manufacture,2201-100-300-160
20048446,NMM955 Misc-Steam Pipes-Manufacture,2201-100-150-160
20048447,NMM956 Misc-Water Pipes & Valves-Man.,2201-100-340-160
20048448,NMM957 Misc-HFA Pipes & Valves-Man.,2201-100-220-160
20048449,NMM960 Misc-Instruments-Manufacture,2201-100-280-120
20048450,NME100 Elec-Plant Switch Room,2201-100-310-090
20048451,NDH100 Hopper-No1 Floor,2201-110-060-260
20048452,NDC100 Conv-No1 Raw Feed,2201-110-060-050
20048453,NDX100 Elevator- No1,2201-110-060-050
20048454,NDZ100 Screen-Vibrating No1 (Jaques),2201-110-070-210
20048455,NDH101 Hopper-No1 Screen,2201-110-070-260
20048456,NDM100 Misc-No1 Hammer Mill,2201-110-060-070
20048457,NDC101 Conv-No1 Fines,2201-110-070-050
20048458,NDC120 Conv-`A` Plant Incline,2201-110-070-050
20048459,NDC121 Conv-`A` Plant Transfer,2201-110-070-050
20048460,NDC164 Conv-`A` Plant Outfeed Shuttle,2201-110-090-050
20048461,NDM166 Misc-'A' Plant Dust Cone,2201-110-090-150
20048462,NDH200 Hopper-No2 Floor,2201-110-060-260
20048463,NDC200 Conv-No2 Raw Feed,2201-110-060-050
20048464,NDX200 Elevator- No2,2201-110-060-050
20048465,NDZ200 Screen-Vibrating No2 (Jaques),2201-110-070-210
20048466,NDH201 Hopper-No2 Screen,2201-110-070-260
20048467,NDM200 Misc-No2 Hammer Mill,2201-110-060-070
20048468,NDC201 Conv-No2 Fines,2201-110-070-050
20048469,NDH300 Hopper-No3 Floor,2201-110-060-260
20048470,NDC300 Conv-No3 Raw Feed,2201-110-060-050
20048471,NDX300 Elevator- No3,2201-110-060-050
20048472,NDZ300 Screen-Vibrating No3 (Jaques),2201-110-070-210
20048473,NDH301 Hopper-No3 Screen,2201-110-070-260
20048474,NDM300 Misc-No3 Hammer Mill,2201-110-060-070
20048475,NDC301 Conv-No3 Fines,2201-110-070-050
20048476,NDH400 Hopper-No4 Floor,2201-110-060-260
20048477,NDC400 Conv-No4 Raw Feed,2201-110-060-050
20048478,NDX400 Elevator- No4,2201-110-060-050
20048479,NDZ400 Screen-Vibrating No4 (Jaques),2201-110-070-210
20048480,NDH401 Hopper-No4 Screen,2201-110-070-260
20048481,NDM400 Misc-No4 Hammer Mill,2201-110-060-070
20048482,NDC401 Conv-No4 Fines,2201-110-070-050
20048483,NDC320 Conv-'B' Plant Incline,2201-110-070-050
20048484,NDM321 Misc-`B` Plant Shuttle Drive,2201-110-090-150
20048485,NDC321 Conv-'B' Shuttle,2201-110-090-050
20048486,NDM322 Misc-'B' Plant Dust Cone,2201-110-090-150
20048487,NDM323 Misc-'B' Plant Dust Collector,2201-110-090-210
20048488,NDH500 Hopper-No5 Floor,2201-110-060-260
20048489,NDC500 No5 Raw Feed rotary feeder,2201-110-060-050
20048490,NDX500 Elevator- No5,2201-110-060-050
20048491,NDZ500 Screen-Vibrating No5 (Jaques),2201-110-070-210
20048492,NDH501 Hopper-No5 Screen,2201-110-070-260
20048493,NDM500 Misc-No5 Hammer Mill,2201-110-060-070
20048494,NDC501 Conv-No5 Fines,2201-110-070-050
20048495,NDC520 Conv- 'C' Plant Incline,2201-110-070-050
20048496,NDM565 Misc-`C` Plant Shuttle Drive,2201-110-090-150
20048497,NDC564 Conv-'C' Plant Shuttle,2201-110-090-050
20048498,NDM567 Misc-'C' Plant Dust Cone,2201-110-090-150
20048499,NDH600 Hopper-No6 Floor,2201-110-060-260
20048500,NDC600 Conv- No6 Raw Feed,2201-110-070-050
20048501,NDX600 Elevator- No6,2201-110-060-050
20048502,NDZ600 Screen-Vibrating No6 (Jaques),2201-110-070-210
20048503,NDH601 Hopper-No6 Screen,2201-110-070-260
20048504,NDM600 Misc-No6 Hammer Mill,2201-110-060-070
20048505,NDC601 Conv- No6 Fines,2201-110-070-050
20048506,NDM130 Misc-'A' Plant WeighBridge,2201-110-090-270
20048507,NDM330 Misc-'B' Plant Weighbridge,2201-110-090-270
20048508,NDM530 Misc-'C' Plant Weighbridge,2201-110-090-270
20048509,NDC650 Conv- 25-40kg Bagger Incline,2201-110-100-050
20048510,NDC651 Conv-Sewer 'V' Belt,2201-110-100-050
20048511,NDH650 Hopper-25-40kg Bagging line,2201-110-100-260
20048512,NDM650 Misc-40-25KG Bagger,2201-110-100-150
20048513,NDM651 Misc-Moarts Bulk Bagger,2201-110-100-150
20048514,NDM652 Misc-Bag Sewing Machine,2201-110-100-150
20048515,NDM653 Misc-Pallet Wrapper-JMP,2201-110-100-150
20048516,NDM951 Misc- Air Pipes Despatch,2201-110-300-160
20048517,NDM956 Misc-Water Pipes Despatch,2201-110-340-160
20048518,NDM960 Misc-Instruments Despatch,2201-110-110-120
20048519,NDE100 Elec-Plant Switch Room,2201-110-310-090
20048520,NDE102 Elec-PLC & Comp Process,2201-110-310-120
20048521,NSM450 Misc-Site Storm Water Piping,2201-120-350-160
20048522,NSM950 Misc-Site Effluent Piping,2201-120-360-160
20048523,NSM956 Misc-Site Water Retic. piping.,2201-120-340-160
20048524,NSM958 Misc-Site Sewage systems,2201-120-360-160
20048527,NJM200 Misc- Machinery Waipapa,2203-160-110-150
20048529,NRM465 Misc-Dust Extraction Ducting,2201-100-290-210
20048530,NMP302 Pump-Hydraulic Screen Cleaner,2201-100-210-190
20048531,NRM408 Misc-Vacuum System Powder area,2201-100-290-150
20048532,NME102 Elec- PLC& Process Comps,2201-100-310-120
20048533,NAP901 Pump-RMI road Sump,2201-080-350-190
20048534,NKM200 Misc- Machinery Kaikohe,2202-160-110-150
20048535,NMV173 Misc-Skid steer Attachments,2201-100-440-250
20048536,NDM955 Misc- Hot Steam Cleaner,2201-110-110-150
20048537,NMM970 Misc-Portable Equip-Manufacture,2201-100-280-090
20048538,NVB100 Building-Bulk Store Dargaville,2208-160-110-030
20048539,NAM701 Misc-Air Compressor (Compair),2201-080-300-040
20048540,NMM960_MI003 Inst-Flow.HFA  to Mixer,20048449
20048542,NMV126 Tractor Ford 3910 W,2201-130-440-250
20048547,NMV139 Trailer Hasler B Train-(Z7866),2201-080-440-250
20048550,NMV138 Trailer Hasler Rear -(Z7865),2201-080-440-250
20048552,NSM960 Misc-Instruments Site,2201-120-450-120
20048553,NSB104 Building-laboratory,2201-140-410-030
20048590,SOB100 Owhiro Bulk Store,4815-160-999-030
20048670,SOM101 Weighbridge (new) - Owhiro,4815-160-999-150
20048936,SCH200 Mixing Plant - Ash,4910-160-999-150
20048937,SRH200 Mixing Plant Ch-ch,4916-160-999-150
20048938,STB100 Building,4905-160-999-030
20048955,_SGH_100 Bagging Hopper Charlton Store,4828-160-999-150
20048956,SOH100 Bagging Hopper,4815-160-999-150
20048969,SCM101 Weighbridge 10mtr Ashburton,4910-160-999-150
20048970,STC101 Conveyor - Main Incline,4905-160-999-150
20048971,STX100 Bucket Elevator,4905-160-999-150
20048977,SCC201 Conveyor Outfeed,4910-160-999-150
20048978,SCM100 Fast Opening Door,4910-160-999-150
20048979,SCH210 Hopper Bagging - Ash,4910-160-999-150
20048980,STH100 Hopper Intake,4905-160-999-150
20048981,STH101 Hopper Despatch Mixing No1,4905-160-999-150
20048982,STH102 Hopper Despatch Mixing No2,4905-160-999-150
20048984,SCC200 Conveyor Mixing Plant - Ash,4910-160-999-150
20048985,STC100 Intake Hopper,4905-160-999-150
20048986,STC102 Conveyor Distribution No3,4905-160-999-150
20048987,STC103 Conveyor Transfer,4905-160-999-150
20048988,STC104 Conveyor Distribution No1,4905-160-999-150
20048989,STC110 Conveyor Dispatch Feeder No1,4905-160-999-150
20048990,STC111 Conveyor Dispatch Feeder No2,4905-160-999-150
20048991,STC112 Conveyor Dispatch Incline,4905-160-999-150
20048992,STC113 Conveyor Dispatch Ex Screen,4905-160-999-150
20048993,STC114 Conveyor Dispatch Truck Feed,4905-160-999-150
20048994,STC115 Conveyor Dispatch Weightfeeder,4905-160-999-150
20048995,STC116 Conveyor Dispatch Bin Feed,4905-160-999-150
20048996,STM100 Screen Dispatch - Misc,4905-160-999-150
20048997,STM101 Divert Oversize  Despatch Misc,4905-160-999-150
20048998,STM102 Hammer Mill Despatch Misc,4905-160-999-150
20048999,SRX200 Elevator Mixing Plant Ch-ch,4916-160-999-150
20049000,SCX200 Elevator Mixing Plant - Ash,4910-160-999-150
20049002,STE100 Switch Room Gear,4905-160-999-090
20049003,STM200 Weighbridge - Timaru,4905-160-999-150
20049004,OBSLT_SMV_660 Trailer Acid Tank (H22741),4801-080-440-250
20049005,OBSLT_SMV_661 Trailer Acid Tank (2D798),4801-080-440-250
20049006,SRM101 Lumpbreaker - Rolleston,4916-160-999-150
20049007,SRB100 Building,4916-160-999-030
20049008,SRC100 Conveyor Mixing Hopper - left,4916-160-999-150
20049009,SRC101 Conveyor Ex-mixing - left,4916-160-999-150
20049010,SRC103 Conveyor Elevator Feed,4916-160-999-150
20049011,SRC104 Conveyor Ex-elevator,4916-160-999-150
20049012,SRC105 Conveyor Truck Loading,4916-160-999-150
20049013,SRE100 Switch Room Gear,4916-160-999-090
20049014,SRE101 Lighting,4916-160-999-090
20049015,SRE102 Plc Control Equipment,4916-160-999-090
20049016,SRH100 Hopper - Mixing - left,4916-160-999-150
20049017,SRM100 Weighbridge - Misc,4916-160-999-150
20049018,SRX100 Elevator,4916-160-999-150
20049028,SOE100 Owhiro  Electrical Instruments,4815-160-999-090
20049046,SRH101 Hopper - Bagging Rolleston,4916-160-999-150
20049047,MIM830 Misc - Mixing Bagging Plant,0801-160-999-150
20049048,MIH800 Hoppers - Bagging,0801-160-999-260
20049050,MIC803 Conv - Screen Discharge,0801-160-999-050
20049051,MIC804 Conv - Shuttle Belt Bulk Produ,0801-160-999-050
20049052,MIC805 Conv - Shuttle Belt D28 Bulk P,0801-160-999-050
20049057,MMV393 Trailer (Te Awamutu),0901-160-440-250
20049061,MBM806 Misc -  Spec Pallet Wrapper,0301-160-100-150
20049064,MBM807 Misc - Spec 1t Bag Scale,0301-160-100-270
20049065,MBM808 Misc - Spec 20/40kg Check Scale,0301-160-100-270
20049066,MCM803 Misc - Lump Breaker,0401-160-111-150
20049067,MJH802 Hopper - Bagging No1 Hopper,0901-160-100-260
20049068,MBM809 Misc - Main Compressor TA100,0301-160-100-040
20049069,M1710C01 Conv - Mixer,1710-160-999-050
20049076,MMV934 Loader - Volvo L70C,0901-160-440-250
20049084,MMV952 Loader - Volvo L45,0801-160-999-250
20049089,MMV963 Loader Volvo L70,0801-160-999-250
20049091,MMV965 Forklift - Daewoo MV965,1355-160-999-250
20049093,MMV966 Forklift - Crown CD30,1621-160-999-250
20049095,NMV971 Loader Volvo L70D,2203-160-440-250
20049099,NMV977 Loader- Volvo L70D,2202-160-440-250
20049101,MMV979 Forklift - Crown CD30,1012-160-999-250
20049112,MKT800 Tank - Liquid Fert Suspension,1011-160-999-260
20049113,MBB810 Build - Despatch Office #36,0301-160-430-030
20049114,MBB820 Build - Bulk Store #40,0301-160-430-030
20049115,MBB830 Build - Admin #40,0301-160-430-030
20049116,MBC804 Conv - Despatch Shuttle A-G,0301-160-080-050
20049117,MBC805 Conv - Despatch Belt #2,0301-160-080-050
20049118,MBC806 Conv - Specialty Bagging Line,0301-160-080-050
20049119,MBH801 Hopper - Budpack Feed (#36),0301-160-100-260
20049120,MBH802 Hopper - Spec Bag Intake (#32),0301-160-100-260
20049121,MBH803 Hopper - Blend/Mixing PLT,0301-160-080-260
20049122,MBH804 Hopper - Additives Hopper (#40),0301-160-080-260
20049123,MBH805 Hopper - Spec 1t Bagging (#32),0301-160-100-260
20049124,MBE120 Elec - Maru General,0301-160-310-090
20049125,MBM801 Misc - Weighbridge #1,0301-160-100-270
20049126,MBM802 Misc - Mixer HYD  Ancillary Equip,0301-160-080-150
20049127,MBM803 Misc - Spec Bagging Budpack,0301-160-100-020
20049128,MBM804 Misc - Dust Collector - Mixing,0301-160-100-040
20049129,MBM805 Misc - Spec 1T Bag (Mezzanine),0301-160-100-260
20049130,MBM930 Misc - Fencing,0301-160-370-220
20049131,MBM940 Misc - Roading,0301-160-370-220
20049132,MBM959 Misc - Stormwater/effluent,0301-160-350-170
20049133,MBM980 Misc - Fire Fighting Equipment,0301-160-450-220
20049134,MBX801 Elevator - Mixer Elev (#40),0301-160-080-150
20049135,MBZ801 Screen - Mixing Piano Wire (#40),0301-160-080-150
20049136,MCB810 Building - Office,0401-160-430-030
20049137,MCB820 Building - Bulk Store,0401-160-430-030
20049138,MCB840 Building - Intake,0401-160-430-030
20049139,MCB850 Building - Workshop,0401-160-430-030
20049140,MCC801 Conv - Mixer Conveyor,0401-160-111-050
20049141,MCC803 Conv - Intake Conveyor,0401-160-999-050
20049142,MCH801 Hopper - Intake Hopper,0401-160-999-260
20049143,MCM100 Misc - Electrical,0401-160-310-090
20049144,MCM801 Misc - Weighbridge,0401-160-999-270
20049145,MCM802 Misc - Mixer,0401-160-111-010
20049146,MCM930 Misc - Fencing,0401-160-450-220
20049147,MCM940 Misc - Roading,0401-160-370-220
20049148,MCM959 Misc - Stormwater/effluent,0401-160-350-170
20049149,MCM980 Misc - Fire Fighting Equipment,0401-160-450-220
20049150,MFB810 Building - Office,0501-160-999-030
20049151,MFB820 Building - Bulk Store,0501-160-999-030
20049154,MFM801 Misc - Weighbridge,0501-160-999-270
20049156,MFM930 Misc - Fencing,0501-160-999-220
20049157,MFM940 Misc - Roading,0501-160-999-220
20049159,MFM959 Misc - Stormwater/effluent,0501-160-999-220
20049160,MFM980 Misc - Fire Fighting Equipment,0501-160-999-220
20049162,MGB810 Building - Ballance Office,0601-160-430-030
20049163,MGB811 Building - IXOM Office Block,0601-160-430-030
20049164,MGB812 Building - Engineers Workshop,0601-160-430-030
20049165,MGB813 Building - Coated Urea,0601-170-480-030
20049166,MGB814 Building - Suspensions,0601-170-470-030
20049167,MGB815 Building - No 2 Despatch,0601-160-112-030
20049168,MGB816 Building - Mixtures Stores,0601-160-020-030
20049169,MGB817 Building - Super Store,0601-160-020-030
20049170,MGB818 Building - High Analysis Store,0601-160-020-030
20049171,MGB819 Building - No 3 Despatch,0601-160-113-030
20049172,MGB820 Building - R/Bays Fert Receiving,0601-160-010-030
20049173,MGB821 Building - A Frame (Water) Shed,0601-160-020-030
20049174,MGB822 Building - Pac Plant (IXOM),0601-160-020-030
20049175,MGB823 Building - Urea/bag Store,0601-160-020-030
20049176,MGB824 Building - Sodium Silicate (IXOM),0601-160-020-030
20049177,MGB825 Building - Old Acid Plant,0601-160-020-030
20049178,MGB826 Building - Acid Storage,0601-160-020-030
20049179,MGB827 Building - Permit/Team Leader,0601-160-430-030
20049180,Elect-General - Elect Distribution,0601-160-310-090
20049181,MGM801 - Weighbridge No 2,0601-160-112-270
20049182,MGM802 - Weighbridge No 3,0601-160-113-270
20049183,MGM803 - Weighbridge No 1,0601-160-111-270
20049184,MGM804 Misc - Mixer No 2 Despatch,0601-160-080-010
20049185,H840V - Surge Hopper Vibrator,0601-160-112-150
20049186,H845V - Bag Plant Hopper Vibrator,0601-160-100-150
20049187,MGM830 - Bagging Head,0601-160-100-270
20049188,MGM870 Building - Mill Room (FertCo),0601-160-020-030
20049189,MGM880 - Air Compressor (Main),0601-160-300-040
20049190,MGM890 Misc - Fluid Suspension Plant,0601-160-110-260
20049191,MGM891 Misc - Liquid 'n' Plant,0601-160-080-671
20049192,MGM892 Misc - Suspension Plant Hot,0601-160-110-260
20049193,MGM930 Site Fencing,0601-160-370-220
20049194,MGM940 Site Roading,0601-160-370-220
20049195,MGM956 Water Supply Piping,0601-160-340-160
20049196,Effluent - General Effluent items,0601-160-360-220
20049197,Fire Fighting Equipment (Extinguishers),0601-160-370-225
20049199,MHB810 Building - Office,0701-160-430-030
20049200,MHB820 Building - Bulk Store,0701-160-430-030
20049201,MHB830 Building - Bag Store,0701-160-430-030
20049202,MHB840 Building - Intake,0701-160-430-030
20049203,MHC801 Conv - Mixer Conveyor,0701-160-999-050
20049204,MHC802 Conv - Intake Hopper,0701-160-999-050
20049206,MHC804 Conv - Shuttle Conveyor,0701-160-999-050
20049207,MHH801 Hopper - Intake Hopper,0701-160-999-260
20049208,MHM100 Misc - Electrical,0701-160-999-090
20049209,MHM801 Misc - Weighbridge,0701-160-999-270
20049210,MHM802 Misc - Mixer,0701-160-999-010
20049211,MHM930 Misc - Fencing,0701-160-999-220
20049212,MHM940 Misc - Roading,0701-160-999-220
20049213,MHM959 Misc - Stormwater/effluent,0701-160-999-170
20049214,MHM980 Misc - Fire Fighting Equipment,0701-160-999-220
20049215,MIB810 Building - Office,0801-160-999-030
20049216,MIB820 Building - Bulk Store,0801-160-999-030
20049217,MIB860 Building - Ammenties Porticom,0801-160-999-030
20049218,MIB870 Building - Main Office,0801-160-999-030
20049219,MIB880 Building - Rpd Onion Block,0801-160-999-030
20049220,MIC801 Conv - Plant Mixer Shuttle,0801-160-999-050
20049221,MIC802 Conv - Mixer Conveyor,0801-160-999-050
20049222,MIM100 Misc - Electrical,0801-160-999-090
20049223,MIM801 Misc - Weighbridge,0801-160-999-270
20049224,MIM802 Misc - Weigh Mixer No 1,0801-160-999-010
20049225,MIM803 Misc - Weigh Mixer No 2,0801-160-999-010
20049230,MIM808 Misc - Sewing MacHines,0801-160-999-020
20049231,MIM809 Misc - Heat Sealer No 1 Yates,0801-160-999-090
20049232,MIM810 Misc - Heat Sealer No 2 Yates,0801-160-999-090
20049233,MIM811 Misc - Pallet Wrapper,0801-160-999-150
20049234,MIM812 Misc - Hammer Mill,0801-160-999-070
20049235,MIM813 Screw - Auger,0801-160-999-050
20049236,MIM814 Misc - Vehicle Wash,0801-160-999-150
20049237,MIM930 Misc - Fencing,0801-160-999-220
20049238,MIM940 Misc - Roading,0801-160-999-220
20049239,MIM957 Misc - Bore/water Supply Pump,0801-160-999-190
20049240,MIM959 Misc - Stormwater/effluent,0801-160-999-170
20049241,MIM980 Misc - Fire Fighting Equipment,0801-160-999-220
20049242,MIX801 Elevator - Mixer Elevator,0801-160-999-050
20049243,MIX802 Elevator - Intake Elevator,0801-160-999-050
20049244,MIZ801 Screen - Screen,0801-160-999-210
20049245,MJB810 Building - Office,0901-160-430-030
20049246,MJB820 Building - Bulk Store,0901-160-430-030
20049247,MJB830 Building - Bag Store,0901-160-430-030
20049248,MJC801 Conv - Mixer Conveyor,0901-160-111-050
20049249,MJC802 Conv - Intake Hopper,0901-160-999-050
20049250,MJC803 Conv - Incline,0901-160-010-050
20049251,MJC804 Conv - Cross,0901-160-010-050
20049252,MJC805 Conv - Shuttle No 1,0901-160-010-050
20049253,MJC806 Conv - Shuttle No 2,0901-160-010-050
20049254,MJH801 Hopper - Intake No2 Hopper,0901-160-010-260
20049255,MJM100 Misc - Electrical,0901-160-310-090
20049256,MJM801 Misc - Weighbridge,0901-160-110-270
20049257,MJM802 Misc - Mixer,0901-160-111-010
20049258,MJM803 Misc -Shuttle No 1 Traverse Motor,0901-160-010-050
20049259,MJM804 Misc -Shuttle No 2 Traverse Motor,0901-160-010-050
20049260,MJM805 Hopper - 1Tonne Bagging Hopper,0901-160-999-260
20049261,MJM930 Misc - Fencing,0901-160-370-220
20049262,MJM940 Misc - Roading,0901-160-370-220
20049263,MJM959 Misc - Stormwater,0901-160-350-220
20049264,MJM980 Misc - Fire Fighting Equipment,0901-160-370-225
20049265,MJX801 Elevator - Mixer,0901-160-111-050
20049266,MJX802 Elevator - Intake,0901-160-010-050
20049267,MJZ801 Screen - Mixer Screen,0901-160-999-210
20049268,MKB810 Building - Office,1011-160-999-030
20049269,MKB820 Building - Bulk Store,1011-160-999-030
20049270,MKB830 Building - Bag Store,1011-160-999-030
20049271,MKM100 Misc - Electrical,1011-160-999-090
20049272,MKM801 Misc - Weighbridge,1011-160-999-270
20049273,MKM802 Misc - Mixer,1011-160-999-010
20049274,MKM930 Misc - Fencing,1011-160-999-220
20049275,MKM940 Misc - Roading,1011-160-999-220
20049276,MKM959 Misc - Stormwater/effluent,1011-160-999-170
20049277,MKM980 Misc - Fire Fighting Equipment,1011-160-999-220
20049278,MKX801 Elevator - Mixer,1011-160-999-050
20049279,Building - Office,1014-160-430-030
20049280,Building - Bulk Store,1014-160-430-030
20049281,Building - Bag Store,1014-160-430-030
20049282,MLM100 - Electrical,1014-160-999-090
20049283,#2 - Hopper,1014-160-111-260
20049284,MLM802 Misc - Mixer,1014-160-999-010
20049285,Internal - Fencing,1014-160-370-220
20049286,Roading,1014-160-370-225
20049287,Storm Water - Tanks,1014-160-999-160
20049288,Office - Effluent,1014-160-360-160
20049289,Fire Fighting Equipment,1014-160-450-225
20049290,Intake Conveyor,1014-160-010-050
20049291,MNB810 Building - Office,1015-160-430-030
20049292,MNB820 Building - Bulk Store,1015-160-430-030
20049293,MNB830 Building - Intake Building,1015-160-430-030
20049294,MNC802 Conv - Intake Hopper,1015-160-999-050
20049295,MNC803 Conv - Intake Conveyor,1015-160-999-050
20049296,MNC804 Conv - Shuttle Conveyor,1015-160-999-050
20049297,MNH801 Hopper - Intake Hopper,1015-160-999-260
20049298,MNM100 Misc - Electrical,1015-160-999-090
20049299,MNM801 Misc - Weighbridge,1015-160-999-270
20049300,MNM802 Misc - Mixer,1015-160-999-010
20049301,MNM930 Misc - Fencing,1015-160-999-220
20049302,MNM940 Misc - Roading,1015-160-999-220
20049303,MNM959 Misc - Stormwater/effluent,1015-160-999-170
20049304,MNM980 Misc - Fire Fighting Equipment,1015-160-999-220
20049305,MOB810 Building - Office,1019-160-999-030
20049306,MOM801 Misc - Weighbridge,1019-160-999-270
20049307,MOM802 Misc - Mixing Plant,1019-160-999-010
20049308,MPB810 Building - Office,1016-160-999-030
20049309,MPB820 Building - Bulk Store,1016-160-999-030
20049310,MPB830 Building - Bag Store,1016-160-999-030
20049311,MPC801 Conv - Mixer 1st Incline,1016-160-999-050
20049312,MPC802 Conv - Intake Hopper,1016-160-999-050
20049313,MPC803 Conv - Shuttle Conveyor,1016-160-999-050
20049314,MPH801 Hopper - Intake Hopper,1016-160-999-260
20049315,MPM100 Misc - Electrical,1016-160-999-090
20049316,MPM801 Misc - Weighbridge,1016-160-999-270
20049317,MPM802 Misc - Mixer 1,1016-160-999-010
20049318,MPM803 Misc - Mixer Lump Breaker,1016-160-999-150
20049319,MPM930 Misc - Fencing,1016-160-999-220
20049320,MPM940 Misc - Roading,1016-160-999-220
20049321,MPM956 Misc - Water Supply,1016-160-999-160
20049322,MPM957 Misc - Bore/water Supply Pump,1016-160-999-190
20049323,MPM959 Misc - Stormwater/effluent,1016-160-999-170
20049324,MPM980 Misc - Fire Fighting Equipment,1016-160-999-220
20049325,MPC804 Conv - Mixer 2nd Incline,1016-160-999-050
20049326,MPX802 Elevator - Intake Elevator,1016-160-999-050
20049327,MQB810 Build - Transit Office & Smoko Rm,0301-160-430-030
20049328,MQB820 Build - Transit Bulk Store,0301-160-430-030
20049329,MQB860 Build - Transit Truck Weighbridge,0301-160-430-030
20049330,MQB870 Build - Transit Hangar,0301-160-430-030
20049331,MQE121 Elec - Alt General,0301-160-310-090
20049332,MQM801 Misc - Weighbridge Transit,0301-160-100-270
20049337,MUB801 Building - Office,1018-160-430-030
20049338,MUB802 Building - Bulk Store,1018-160-430-030
20049339,MUB803 Building - House,1018-160-430-030
20049340,MUC801 Conv - Incline Conveyor,1018-160-111-050
20049341,MUC802 Conv - Cross Conveyor,1018-160-111-050
20049342,MUC803 Conv - Left Bin Shuttle,1018-160-111-050
20049343,MUC804 Conv - Right Bin Shuttle,1018-160-111-050
20049344,MUC805 Conv - Rt Bin Shuttle Ext,1018-160-111-050
20049345,MUC806 Conv - Mixer Incline,1018-160-111-050
20049346,MUC807 Conv - Weighbridge,1018-160-111-050
20049347,MUH801 Hopper - Intake Hopper,1018-160-999-260
20049348,MUM100 Misc - Electrical,1018-160-999-090
20049349,MUM801 Misc - Weighbridge,1018-160-999-270
20049350,MUM802 Misc - Mixer,1018-160-111-010
20049351,MUM803 Misc - Winch No Shuttle,1018-160-111-150
20049352,MUM804 Misc - Winch No 3 Shuttle,1018-160-111-150
20049353,MUM805 Misc - Lump Breaker,1018-160-111-070
20049354,MUM930 Misc - Fencing,1018-160-999-220
20049355,MUM940 Misc - Roading,1018-160-370-220
20049356,MUM957 Misc - Bore/water Supply Pump,1018-160-999-190
20049357,MUM959 Misc - Stormwater/effluent,1018-160-999-170
20049358,MUM980 Misc - Fire Fighting Equipment,1018-160-999-220
20049359,MVB810 Building - Office,1355-160-999-030
20049360,MVC802 Conv - Mixer Discharge,1355-160-999-050
20049361,MVM100 Misc - Electrical,1355-160-999-090
20049362,MVM800 Misc - Machinery General,1355-160-999-150
20049363,MVM801 Misc - Weighbridge,1355-160-999-270
20049364,MVM802 Misc - Mixing Plant,1355-160-999-010
20049365,MVM930 Misc - Fencing,1355-160-999-220
20049366,MVM940 Misc - Roading,1355-160-999-220
20049367,MVM959 Misc - Stormwater/effluent,1355-160-999-170
20049368,MVM980 Misc - Fire Fighting Equipment,1355-160-999-220
20049369,MVX801 Elevator - Mixer,1355-160-999-050
20049370,MWB810 Building - Office,1354-160-430-030
20049371,MWB820 Building - Bulk Store,1354-160-430-030
20049372,MWB840 Building - Office-Relocated,1354-160-430-030
20049373,MWM100 Misc - Electrical,1354-160-999-090
20049374,MWM800 Misc - Machinery General,1354-160-999-150
20049375,MWM802 Misc - Mixing Plant,1354-160-999-010
20049376,MWM930 Misc - Fencing,1354-160-999-220
20049377,MWM940 Misc - Roading,1354-160-999-220
20049378,MWM959 Misc - Stormwater/effluent,1354-160-999-170
20049379,MWM980 Misc - Fire Fighting Equipment,1354-160-999-220
20049380,MXB810 Building - Office Greatford,1621-160-999-030
20049381,"MXM802 Misc - Mixing Plant, Greatford",1621-160-999-010
20049382,MYM802 Misc - Mixing Plant,1352-160-999-010
20049383,M10B800 Building - Bulk Store and Offi,1710-160-999-030
20049384,M10M800 Misc - Waipukurau,1710-160-999-150
20049385,M12B800 Building - Office,1012-160-999-030
20049386,M12M800 Mics - Gisborne,1012-160-999-150
20049387,M17B101 Building - Bulk Store,1017-160-999-030
20049388,M19B800 Building,1019-160-999-030
20049389,M21B800 Building -Bulk Store,1621-160-999-030
20049390,M21M800 Misc - Greatford,1621-160-999-150
20049392,M51M800 Misc - Kaikohe,1351-160-999-150
20049393,M54B800 Build,1354-160-430-030
20049394,M54M800 Misc - Pungarehu,1354-160-999-150
20049395,M55B800 Building -Bulk Store,1355-160-999-030
20049396,M55M800 Misc - Manaia,1355-160-999-150
20049570,MBB800 Build - Maru St Site,0301-160-430-030
20049740,MGB800 Building - Locker Room,0601-160-430-030
20049741,H841V - Intake Hopper Vibrator,0601-160-112-150
20049742,MHB800 Build,0701-160-430-030
20049743,MHM800 Misc - Otorohanga,0701-160-999-150
20049745,MIM800 Misc - Pukekohe,0801-160-999-150
20049749,MLM800 Misc - Reporoa,1014-160-999-150
20049887,MNB800 Build,1015-160-430-030
20049888,MPB800 Build,1016-160-999-030
20049889,MQB800 Build - Transit Site,0301-160-430-030
20050042,MUB800 Building,1018-160-430-030
20050048,MYB800 Building - Bell Block,1352-160-999-030
20050049,MYM800 Misc - Bell Block,1352-160-999-150
20050051,NVH210 Hopper-Bulk Weigh,2208-160-110-260
20050052,NVX211 Elevator-Moarts Discharge,2208-160-110-050
20050053,NVZ212 Screen-Ex Elevator,2208-160-110-210
20050054,NVM213 Misc-Hammer Mill,2208-160-110-070
20050055,NVC214 Conv-Discharge to Trucks,2208-160-110-050
20050056,NVM215 Misc-Dust Suppression Cone,2208-160-110-150
20050063,NKH210 Hopper-Bulk Weigh,2202-160-110-260
20050064,NKC211 Conv-Inclined to Screen,2202-160-110-050
20050065,NKZ210 Misc-Vibrator Bin Kaikohe,2202-160-110-150
20050066,NKM213 Misc-Lump Breaker,2202-160-110-070
20050067,NKM970 Misc-Portable Equip.-Kaikohe,2202-160-110-090
20050068,NKM215 Misc-Dust Suppression Cone,2202-160-110-150
20050069,NKM216 Misc-WeighBridge Kaikohe,2202-160-110-270
20050071,NJC211 Conv- Ex weigh hopper,2203-160-110-050
20050072,NJX212 Elevator-Bulk Waipapa,2203-160-110-050
20050073,NJZ213 Screen-Vibrating Waipapa,2203-160-110-210
20050074,NJH214 Hopper- Below Screen,2203-160-110-260
20050075,NJM215 Misc-Hammer Mill,2203-160-110-070
20050076,NJM216 Misc-Dust Suppression Cone,2203-160-110-150
20050104,MQB880 Build - Transit HA Store,0301-160-430-030
20050105,MQC882 Conv - Double Screen Infeed,0301-160-100-050
20050106,MQC881 Conv - HA Bagging Incline,0301-160-100-050
20050107,MQC880 Conv - HA Hopper Discharge,0301-160-100-050
20050108,MQC883 Conv - Double Screen Outfeed,0301-160-100-050
20050109,MQH880 Hopper - HA Bag Intake (Yellow),0301-160-100-260
20050112,NRF287 Fan-BM 20 Pressurisation,2201-100-040-040
20050113,NRS431B Screw-BM14_20 Transfer (2nd),2201-100-040-050
20050122,SOE101 Lighting,4815-160-999-090
20050123,SOE102 PLC/Computer Control,4815-160-999-090
20050124,SOM100 Weighbridge,4815-160-999-150
20050125,M1710M01 Misc - Storm Water Pond,1710-160-999-170
20050126,M1710P01 Pumps Sewerage/effluent,1710-160-999-190
20050127,Loader Volvo L60E,4929-160-440
20050128,MMV991 Loader - Volvo L60E,1017-160-999-250
20050132,MMV997 Loader Volvo L-60E,1018-160-999-250
20050138,MJZ802 Screen - Vibrating,0901-160-111-210
20050139,SGB100 Building,4828-160-999-030
20050140,_SGM_100 Bagging Plant,4828-160-999-150
20050141,SGE100 Gore Electrical Equipment,4828-160-180-120
20050142,SGM101 Weighbridge,4828-160-999-150
20050143,MBB840 Build - Bulk Loadout #36,0301-160-430-030
20050144,MBB850 Build - Specialty Bagging #32,0301-160-430-030
20050145,MBB860 Build - Warehouse #24,0301-160-430-030
20050146,MBB870 Build - Warehouse #20,0301-160-430-030
20050147,MBB880 Build - Warehouse #14,0301-160-430-030
20050149,MBC807 Conv - Additive Hopper Outfeed,0301-160-080-050
20050150,MBC808 Conv - Additive Transfer Belt,0301-160-080-050
20050151,MBC809 Conv - Mixer Hopper Outfeed,0301-160-080-050
20050152,MBC810 Conv - Outfeed- #2 Mixing Plant,0301-160-080-050
20050153,MBC811 Conv - Despatch Belt #1,0301-160-080-050
20050154,MBC812 Conv - Despatch Belt #3,0301-160-080-050
20050155,MBC813 Conv - Despatch Belt #4,0301-160-080-050
20050156,MBC814 Conv - Despatch Shuttle H-O,0301-160-080-050
20050157,MBC815 Conv - Spec Intake Hopper,0301-160-100-050
20050158,MBC816 Conv - Spec Bagging Incline,0301-160-100-050
20050159,MBC817 Conv - Spec Bagging W/Feed,0301-160-100-050
20050160,MBE100 Elec - Switchboards,0301-160-310-090
20050161,MBE110 Elec - Lighting,0301-160-310-090
20050162,MBM820 Misc - Sewing Machines,0301-160-100-150
20050163,MBM840 Misc - Radio Communication,0301-160-450-220
20050164,MBM810 Misc - Bowl Mixer (Build #40),0301-160-080-010
20050165,MBM811 Chain Mixer- #2 Mixing Plant,0301-160-080-010
20050178,M1715M01 Misc - Plumbing/Drainage,1715-160-350-160
20050179,M1715M02 Misc - Roading,1715-160-370-225
20050180,M1715M04 Misc - Weighbridge-Waingawa,1715-160-111-270
20050181,Elec System -  Main Office,1715-160-430-090
20050182,M1715M03 Misc - Site Fencing,1715-160-370-225
20050185,NDM403 Misc-Dragchain mixer,2201-110-080-010
20050186,NAT251 Tank-Priller No2 Water,2201-080-130-260
20050187,NAZ251 Screen-Priller No2 Rotary,2201-080-130-210
20050188,NAP255 Pump-Priller No2  Water Spray,2201-080-130-190
20050189,NAP253 Pump-Priller No2 Hydrocyclone,2201-080-130-190
20050190,NAP252 Pump-Priller No2 Slurry,2201-080-130-190
20050191,NAP254 Pump-Priller No2 Tank Dosing,2201-080-130-190
20050192,NMM310A Misc-Gran. Drum Oil cooler,2201-100-210-150
20050197,MKH800 Hopper - Multi-Trip Bagging Ho,1011-160-999-260
20050198,M1645H01 Hopper - Multi-Trip Bagging,1645-160-999-260
20050200,MQH881 Hopper - HA Grid Intake Hopper,0301-160-100-260
20050201,MQC884 Conv - HA Grid Hopper Discharg,0301-160-100-050
20050202,MQC885 Conv - HA Grid Incline,0301-160-100-050
20050203,MQC886 Conv - HA Grid Transfer,0301-160-100-050
20050204,MQC887 Conv - HA Grid Shuttle,0301-160-100-050
20050205,MBM812 Misc - Hammer Mill (Build #40),0301-160-080-070
20050208,MIM821 Pump - Suspension Plant,0801-160-999-190
20050209,MIM820 Misc - Suspension Plant Genera,0801-160-999-150
20050210,MIT822 Tank - Suspension Plant Tank N,0801-160-999-260
20050211,MIT821 Tank - Suspension Plant Tank N,0801-160-999-260
20050212,MIT823 Tank - Suspension Plant Tank N,0801-160-999-260
20050213,MIT824 Tank - Suspension Plant Tank N,0801-160-999-260
20050219,MMV1002 Loader - Volvo L60E,1354-160-999-250
20050220,MMV1003 Loader - Volvo L60E,0801-160-999-250
20050223,STE101 Lighting,4905-160-999-090
20050224,STE102 PLC/Computer Room,4905-160-999-090
20050225,M1010E01 Electrical,1010-160-999-090
20050226,M101M01 Misc - Site Fencing,1010-160-999-220
20050229,MBC818 Conv - Spec Bagging W/Feed,0301-160-100-050
20050237,MUC808 Conv - Hopper Discharge,1018-160-111-050
20050238,SRH106 Hopper - Mixing - right,4916-160-999-150
20050239,SRC106 Conveyor Mixing Hopper - right,4916-160-999-150
20050240,SRC107 Conveyor Ex-mixing - right,4916-160-999-150
20050244,SCM753 Machinery,4910-160-999-150
20050246,SOM753 Machinery,4815-160-999-150
20050247,SRM753 Machinery,4916-160-999-150
20050248,STM751 General Equipment,4905-160-999-150
20050249,STM752 Furniture  - Furnishings,4905-160-999-150
20050250,STM753 Machinery,4905-160-999-150
20050255,SCB200 Ashburton Building,4910-160-999-030
20050257,M1645C01 Conv - Out Feed,1645-160-999-050
20050258,SRM954 Pipes Water,4916-160-999-150
20050261,MQM812 Misc - HA Pallet Wrapper,0301-160-100-150
20050262,MQH813 Hopper - 25/40kg Bag Hop (Yellow),0301-160-100-260
20050263,MQM810 Misc - Budpack Transit,0301-160-100-020
20050264,MQZ110 Screen - HA  Bagging Screen,0301-160-100-150
20050265,MQZ100 Screen - HA  Double Screen,0301-160-100-150
20050266,MQH882 Hopper - HA Double Screen,0301-160-100-260
20050267,MQM990 Misc - HA  Bag Dust Extraction,0301-160-100-150
20050269,MBZ802 Screen - Bagging 25/40kg Bin,0301-160-080-150
20050270,MBZ803 Screen - Bagging 1T Bin,0301-160-080-150
20050271,MBM960 Misc - Truckwash,0301-160-370-220
20050272,MBM961 Misc - Waterblaster (Fixed),0301-160-370-220
20050273,MCC804 Conv - Overhead Filling,0401-160-111-050
20050279,NMH202 Hopper-Recycle product dump,2201-100-210-260
20050296,M1645E01 Electrical Reticulation,1645-160-999-090
20050297,M1645M02 Misc - Plumbing/Drainage,1645-160-999-170
20050298,M1645M03 Misc - Site Fencing,1645-160-999-220
20050299,M1645M01 Misc - Weighbridge-Feilding,1645-160-999-270
20050300,SMV1008 Loader Volvo L90E,4815-160-440-250
20050301,STM103 Intake Cover - Mobile,4905-160-999-150
20050305,M1010B01 Building - Bulk Store,1010-160-999-030
20050306,M1010P01 Misc - Mixing Plant,1010-160-999-010
20050307,M1155B01 Building-Bulk Store,1155-160-999-030
20050308,M1155P01 Misc - Mixing Plant- Te Puke,1155-160-999-010
20050311,M1645B01 Building - Bulk Store,1645-160-999-030
20050312,M1645M04 Misc - Mixing Plant- Feilding,1645-160-999-010
20050315,M1715B01 Building - Bulk Store,1715-160-430-030
20050316,#2 - Hopper,1715-160-111-260
20050319,NMV1007 Loader - Volvo L70C,2201-110-440-250
20050320,MMV1010 Loader - Volvo L60E,0501-160-999-250
20050321,SMV1011 Loader Volvo L60E Anama,4920-160-999-250
20050324,NAM960_AI961 Inst-Detect. SO2-Nth Bndry,20048051
20050325,NAM960_AI962 Inst-Detect. SO2-East Bndry,20048051
20050326,NAM960_AI963 Inst-Detect.SO2-Central plt,20048051
20050328,NDT570 Tank-Agrotain storage,2201-110-080-260
20050329,NDP571 Pump-Agrotain additive,2201-110-080-190
20050330,NDF572 Fan- Exhaust over DC551,2201-110-080-040
20050331,M1645M01 Misc - Roading,1645-160-999-220
20050334,MCH802 Hopper - Urea Bagging,0401-160-999-260
20050335,NAP351 Pump-T.A Auxiliary Oil,2201-080-150-190
20050336,NAP352 Pump-T.A Emergency D.C. Oil,2201-080-150-190
20050348,MMV1014 Forklift - Crown CD30,1015-160-999-250
20050357,SOM200 Mixer,4815-160-999-150
20050364,NSM932 Misc-Site Access control&cameras,2201-120-450-090
20050365,NRM501 Misc-Vibrator RMI Hopper RH501,2201-090-010-150
20050366,NRM502 Misc-Vibrator RMI Hopper RH502,2201-090-010-150
20050367,NAM111 Misc-Store D (Sulphur) Winch,2201-080-010-130
20050370,NAM960_AI603 Inst-Detect.Chlorine Gas,20048051
20050497,SOC200 Conveyor - Mixing Plant,4815-160-999-150
20050498,SOH200 Mixing Hopper,4815-160-999-150
20050499,MMV1044 Loader Volvo L60E,0301-160-440-250
20050520,M1715P01 Pump - Effluent Disposal,1715-160-360-190
20050524,NDM703 Misc-Vibrator Bin 3 (electrical),2201-110-090-150
20050525,NDM704 Misc-Vibrator Bin 4 (electrical),2201-110-090-150
20050526,NDM705 Misc-Vibrator Bin 5 (electrical),2201-110-090-150
20050527,NDM706 Misc-Vibrator Bin 6 (electrical),2201-110-090-150
20050533,STM106 Air Compressor-Timaru,4905-160-999-040
20050537,M1010M01 Misc - Roading,1010-160-999-220
20050538,MIP801 Pump - Shed Water,0801-160-999-190
20050539,MIP800 Pump - Water,0801-160-999-190
20050540,MIC806 Electrical - Water Pump Shed,0801-160-999-050
20050541,SRM201 Water Blaster,4916-160-450-150
20050542,SOM201 Water Blaster,4815-160-999-150
20050543,SCM201 Water Blaster,4910-160-999-150
20050544,STM201 Water Blaster,4905-160-999-150
20050546,MMV1019 Loader Volvo - 90E,0601-170-480-440
20050553,SMV1026 Forklift Crown CD30S-FFT4730-1,4815-160-440-250
20050556,STC105 Conveyor - Transfer #2,4905-160-999-150
20050557,STC106 Conveyor - Distribution #4,4905-160-999-150
20057467,MMV1221 VolvoL60E Netherton,1019-160-999-250
20057530,MKT801 Tank - Portable for Diesel,1011-160-999-260
20057566,SNM200 Mixing Plant-Anama,4920-160-999-150
20057576,NAM308 Misc-Certified Press.Relief Valve,2201-080-150-240
20057600,MMV1037-Forklift Crown CD30,1715-160-440-250
20057601,MQZ804 Screen - Double Screen (Rocktec),0301-160-100-150
20057602,MQC819 Conv - Budpac Maru,0301-160-100-050
20057603,MQC820 Conv - Roctec Scrn Outfeed,0301-160-100-050
20057617,M1010Z01 Screen - Mixing Plant,1010-160-999-210
20057618,M1010X01 Elevator - Mixing Plant,1010-160-999-050
20057634,MMV1043 Loader - Volvo L60F,1016-160-999-250
20057641,M1013B01 Building - Bulk Store,1013-160-999-030
20057642,M1013P01 Misc - Mixing Plant- Hastings,1013-160-999-150
20057643,NAT500 Tank-Main Diesel Storage,2201-080-440-260
20057644,NAT501 Tank-Burner Diesel Storage,2201-080-150-260
20057654,SRM102 Tanker Liquid urea,4916-160-440-250
20057655,NDM654 Misc-Bulk Bagger,2201-110-100-150
20057656,NDM655 Misc-Vaccuum Bag lifter,2201-110-100-150
20057657,NSM960_SI001 Inst-Temp Site saltwater in,20048552
20057658,MMV1041 Loader Volvo L90F,0601-160-440-250
20057666,SRM200 Truck mounted urea blower,4916-160-090-040
20057713,NMP303 Pump-HFA to Conditioner,2201-100-210-190
20057714,NMP304 Pump-HFA to Gran. Drum,2201-100-210-190
20057760,0601XT70 Misc - Coated urea diesel tank,0601-160-150-260
20057763,M1646B01 Building - Service Centre,1646-160-999-030
20057766,M1645M03 Misc - Mixing Plant,1646-160-999-010
20057767,M1646E01 Electrical - Service Centre,1646-160-999-090
20057768,M1645M02 Misc - Effluent System,1646-160-999-170
20057769,M1646M02 Misc - Roading,1646-160-999-220
20057770,M1646M01 Misc - Fencing,1646-160-999-220
20057773,MMV1049 Forklift - Hyundai 30D-7,1645-160-999-250
20057784,MMV1050 Loader - Volvo L60F,1011-160-999-250
20057785,MMV1047 Crown CD-30,1017-160-999-250
20057789,NSB105 Building-Training facility,2201-070-420-030
20057792,NDM701 Misc-Vibrator Bin 1 (electrical),2201-110-090-150
20057793,NDM702 Misc-Vibrator Bin 2 (electrical),2201-110-090-150
20057798,NDC510 Conv-No5 transfer to C Bridge,2201-110-090-050
20057799,NAT140 Tank- Sulphur transport (63QID),2201-080-120-260
20057800,NAT141 Tank-Sulphur Trans.Trailer(61QID),2201-080-120-260
20057802,C841 - Conv-Intake Feed,0601-160-112-050
20057803,XC82 - Conv-Screen Disch Reversible,0601-160-111-050
20057804,XC83 - Conv-Urea Feed Belt,0601-160-111-050
20057805,XC81 - Conv-Urea Despatch Reversible,0601-160-111-050
20057806,XC80 - Conv-Urea Shuttle Weighbridge,0601-160-111-050
20057807,MGC810 Conv-Auxillary Infeed,0601-160-010-050
20057808,MGC811 Conv-Banana,0601-160-010-050
20057809,MGC812 Conv-Riser,0601-160-010-050
20057810,MGC813 Conv-Long,0601-160-010-050
20057811,MGC814 Conv-Speed,0601-160-010-050
20057812,MGC815 Conv-Super Store Shuttle,0601-160-010-050
20057813,MGC816 Conv-Elephant Trunk,0601-160-010-050
20057814,MGC817 Conv-Urea Cross(S Bend),0601-160-010-050
20057815,MGC818 Conv-Urea Shuttle,0601-160-010-050
20057816,MGC819 Conv-Potash Mixture Shed,0601-160-010-050
20057817,MGC820 Conv-Opp. No. 3 Mixture Shed,0601-160-010-050
20057818,MGC821 Conv-PZ Mixture Shed,0601-160-010-050
20057819,MGC822 Conv-HA Riser,0601-160-010
20057820,MGC823 Conv-HA Shuttle,0601-160-010-050
20057821,C842 - Conv-Screen Discharge,0601-160-112-050
20057822,C844 - Conv-Hopper Discharge Reverse.,0601-160-112-050
20057823,C845 - Conv-Shuttle Despatch,0601-160-112-050
20057824,C846 - Conv-Bag Plant Product Feed,0601-160-100-050
20057825,C824 - Conv-No 1 Feed Belt,0601-160-113-050
20057826,C825 - Conv-No 2 Feed Belt,0601-160-113-050
20057827,M800 - No 1 Hammer Mill,0601-160-113-070
20057828,M810 - No 2 Hammer Mill,0601-160-113-070
20057829,C828 - Conv-No 1 Top Feed,0601-160-113-050
20057830,C829 - Conv-No 2 Top Feed,0601-160-113-050
20057831,C830 - Conv-Shuttle Weighbridge,0601-160-113-050
20057832,MGB830 Building - IXOM Workshop,0601-160-430-030
20057833,XX80 - No1 (Urea) Elevator,0601-160-111-050
20057834,XH61 - Hopper-No1 (Urea) Despatch,0601-160-111-260
20057835,XM80 - No1 (Urea) Hammermill,0601-160-111-070
20057836,XZ80 - Screen- No1 (Urea) Despatch,0601-160-111-210
20057837,Elect - MCC/SWBD - No2 Despatch,0601-160-112-090
20057838,Elect - Control Panel (HMI)-No2 Despatch,0601-160-112-090
20057839,X841 - Elevator- No2 Despatch,0601-160-112-050
20057840,H841 - Hopper-Intake,0601-160-112-260
20057841,H840 - Hopper-Surge,0601-160-112-260
20057842,H845 Hopper-Bag Plant,0601-160-100-260
20057843,Elect-MCC/Switchboard- No3 Despatch,0601-160-113-090
20057844,Elect-Control Panel - No3 Despatch,0601-160-113-090
20057845,X800 - Elevator-No 1 Elevator,0601-160-113-050
20057846,X810 - Elevator-No 2 Elevator,0601-160-113-050
20057847,H500 Hopper-Intake,0601-160-113-260
20057848,H510 Hopper-No 1 Surge,0601-160-113-260
20057849,H520 Hopper-No 2 Surge,0601-160-113-260
20057850,Z800 - Screen-No 1 Screen,0601-160-113-210
20057851,Z810 - Screen-No 2 Screen,0601-160-113-210
20057852,MGE100 Elect-Acid Plant Transformer,0601-160-310-090
20057853,MGE110 Elect-Millroom No 1 Transforme,0601-160-310-090
20057854,MGE120 Elect-Millroom No 2 Transforme,0601-160-310-090
20057855,MGE130 Elect-No 1 Super St. Transform,0601-160-310-090
20057856,MGE140 Elect-Site Main Switch Gear,0601-160-310-090
20057857,MGE150 Elect-Suspension Plt Transform,0601-160-310-090
20057858,M601C101 Conv-Dap/Potash Intake Feed,0601-170-470-050
20057859,M601C102 Conv-Urea Crossover,0601-170-470-050
20057860,M601C103 Conv-Urea Intake No. 1,0601-170-470-050
20057861,M601C104 Conv-Urea Riser,0601-170-470-050
20057862,M601S100 Screw-Dap,0601-170-470-050
20057863,M601M100 Misc-Agitator-Suspension,0601-170-470-010
20057864,M601S101 Screw-Potash,0601-170-470-050
20057865,M601S102 Screw-Urea Intake,0601-170-470-050
20057866,M601E160 Elect-Switchboard,0601-170-470-090
20057867,M601E170 Elect-Operator Control Panel,0601-170-470-090
20057868,M601M105 Misc-Elevator,0601-170-470-050
20057869,M601H100 Hopper-Dap Silo,0601-170-470-260
20057870,M601H101 Hopper-Dap/Potash,0601-170-470-260
20057871,M601H102 Hopper-Potash Silo,0601-170-470-260
20057872,M601H103 Hopper-Urea Intake,0601-170-470-260
20057873,M601M107 Manufacture Pipework Despatch,0601-170-470-160
20057874,M601P101 Pump-Bund,0601-170-470-190
20057875,M601P102 Pump-L/Suspension Manufacture,0601-170-470-190
20057876,M601T119 Tank-XT70 Coated Urea diesel,0601-170-480-260
20057877,M601T118 Tank-XT32 Burnt Lime Silo,0601-170-480-260
20057878,M601T117 Tank-XT31 Calmag Silo,0601-170-480-260
20057879,M601T116 Tank-XT30 Burnt Lime Silo,0601-170-480-260
20057880,M601T115 Tank-XM50 Scrubber Vessel,0601-170-480-260
20057881,M601T114 Tank-XM13 Vaccum Cleaner Cyclo,0601-170-480-260
20057882,M601T106 Tank-Hot Water Cylinder,0601-170-480-260
20057883,M601T105 Tank-Hot Water Collector (Vat),0601-170-480-260
20057884,M601T104 Tank-Dust Collector Cyclone,0601-170-480-260
20057885,M601T103 Tank-Day,0601-170-480-260
20057886,M601T102 Tank-Calmag Mix,0601-170-480-260
20057887,M601T101 Tank-Batch Tank,0601-170-480-260
20057888,M601Z101 Screen-XC40 Finish,0601-170-480-210
20057889,M601P113 Pump-XPBatch Tank,0601-170-480-190
20057890,M601P112 Pump-XP71 Hot Water Transfer,0601-170-480-190
20057891,M601P111 Pump-XP60 Slurry,0601-170-480-190
20057892,M601P110 Pump-XP50 Wet Scrubber Water,0601-170-480-190
20057893,M601P109 Pump-Submergable,0601-170-480-190
20057894,M601P108 Pump-Recycle,0601-170-480-190
20057895,M601P107 Pump-Outside Bund,0601-170-480-190
20057896,M601P105 Pump-Mix Tank Bund,0601-170-480-190
20057897,M601P100 Pump-Batch Tank Bund,0601-170-480-190
20057898,M601M125 Pipes-XV20/21Batch Tank Pipewo,0601-170-480-150
20057899,M601M124 Pipes-Work Dust Collector,0601-170-480-150
20057900,M601P103 Pump-Liquid Suspension Despatc,0601-170-470-190
20057901,M601P104 Pump-Manufacture,0601-170-470
20057902,M601P106 Pump-19N Nutrient Despatch,0601-170-470-190
20057903,M601Z100 Screen-Suspensions,0601-170-470-210
20057904,M601T100 Tank-Acid,0601-170-470-260
20057905,M601T107 Tank-Liquid Suspension 3,0601-170-470-260
20057906,M601T108 Tank-Liquid Suspension 2,0601-170-470-260
20057907,M601T109 Tank-Liquid Suspension 5,0601-170-470-260
20057908,M601T110 Tank-Liquid Suspension 6,0601-170-470-260
20057909,M601T111 Tank-Liquid N Tank 4,0601-170-470-260
20057910,M601T112 Tank-Liquid N Tank 1,0601-170-470-260
20057911,M601T113 Tank-Vac-u-mac,0601-170-470-260
20057912,M601C100 Conv-Alleyweigh Weigh Feeder,0601-170-480-050
20057913,M601C105 Conv-Urea Weighfeed Unit,0601-170-480-050
20057914,M601C106 Conv-XC20 Urea Hop. Batch Tank,0601-170-480-050
20057915,M601C107 Conv-XC22 Super Hopper Feed,0601-170-480-050
20057916,M601C108 Conv-XC40 Granulator,0601-170-480-050
20057917,M601C109 Conv-XC41 Drier,0601-170-480-050
20057918,M601C110 Conv-XC42 Hammer Mill Feed,0601-170-480-050
20057919,M601C111 Conv-XC45 Product,0601-170-480-050
20057920,M601C112 Conv-XC46 Alleyway,0601-170-480-050
20057921,M601C113 Conv-XC47 Bin Shuttle,0601-170-480-050
20057922,M601C114 Conv-XC60 Urea Feed,0601-170-480-050
20057923,M601C115 Conv-XC63 Calmag Weighfeeder 1,0601-170-480-050
20057924,M601C116 Conv-XC64 Calmag Weighfeeder 2,0601-170-480-050
20057925,M601C117 Conv-XC65 Burnt Lime Weighfeed,0601-170-480-050
20057926,M601S103 Screw-XS21 Super Hopper Transf,0601-170-480-050
20057927,M601S104 Screw-XS30 Calmag Hopper Disch,0601-170-480-050
20057928,M601S105 Screw-XS31 Elevator Discharge,0601-170-480-050
20057929,M601S106 Screw-XS32 Silo Feed,0601-170-480-050
20057930,M601S107 Screw-XS33 Silo Discharge No 1,0601-170-480-050
20057931,M601S108 Screw-XS34 Silo Discharge No 2,0601-170-480-050
20057932,M601S109 Screw-XS35 Silo Discharge No 3,0601-170-480-050
20057933,M601S110 Screw-XS60 Calmag Met. Screw 1,0601-170-480-050
20057934,M601S111 Screw-XS61 Calmag Met. Screw 2,0601-170-480-050
20057935,M601S112 Screw-XS62 Burnt Lime Metering,0601-170-480-050
20057936,M601S113 Screw-XS63 Calmag Tank,0601-170-480-050
20057937,M601S114 Screw-XS64 Calmag tsfer to mix,0601-170-480-050
20057938,M601M123 Pipes-Scrubber Ducting,0601-170-480-150
20057939,M601M122 Pipes-Intake Pipe Work,0601-170-480-150
20057940,M601M121 Pipes-Work Vaccum,0601-170-480-150
20057941,M601M120 Misc-XV30 Silo Selection Valve,0601-170-480-240
20057942,M601M119 Misc-XT20 Batch Tank Agitator,0601-170-480-010
20057943,M601M118 Misc-XM53 Cyclone Rotary Valve,0601-170-480-240
20057944,M601M117 Misc-XM52 Cyclone Vessel,0601-170-480-260
20057945,M601M116 Misc-XM44 Hammer Mill,0601-170-480-150
20057946,M601M115 Misc-XM42 Drier Drum,0601-170-480-150
20057947,M601M114 Misc-XM40 Granulator Drum,0601-170-480-150
20057948,M601M113 Misc-XM15 Filter System,0601-170-480-150
20057949,M601M112 Misc-XM14 Vacc. Cleaner Rotary,0601-170-480-240
20057950,M601M111 Misc-XM43 Drier Combustion Ch.,0601-170-480-080
20057951,M601M110 Misc-XA63 Mix Tank Agitator,0601-170-480-010
20057952,M601M109 Misc-XA60 Calmag Agitator,0601-170-480-010
20057953,M601M108 Misc-Gas Burner Boiler,0601-170-480-080
20057954,M601M106 Misc-Filter,0601-170-480-150
20057955,M601M104 Misc-Dust Filters x12,0601-170-480-150
20057956,M601M103 Misc-Dust Collector Rotary Val,0601-170-480-240
20057957,M601M102 Misc-Day Tank Agitator,0601-170-480-010
20057958,M601M101 Misc-AX61 Burnt Lime,0601-170-480-010
20057959,M601H109 Hopper-XT61 Stainless Bt. Lime,0601-170-480-260
20057960,M601H108 Hopper-XT60 Stainless Calmag,0601-170-480-260
20057961,M601H107 Hopper-XH60 Urea,0601-170-480-260
20057962,M601H106 Hopper-XH21 Super,0601-170-480-260
20057963,M601H105 Hopper-VH30 Calmag Intake,0601-170-480-260
20057964,M601H104 Hopper-VH20 Urea Hopper Batch,0601-170-480-260
20057965,M601F103 Fan-XPWet Scrubber Exhaust,0601-170-480-040
20057966,M601F102 Fan-XM16 Blower,0601-170-480-040
20057967,M601F101 Fan-XF51 Cyclone Extractor,0601-170-480-040
20057968,M601F100 Fan-XF Fan Dust Collector XF10,0601-170-480-040
20057969,M601X101 Elevator-XX40 Discharge,0601-170-480-050
20057970,M601X100 Elevator-XX30 Calmag,0601-170-480-050
20057971,M601E202 Elect-Switchboard #3,0601-170-480-090
20057972,M601E201 Elect-Switchboard #2,0601-170-480-090
20057973,M601E200 Elect-Switchboard #1,0601-170-480-090
20057974,M601S116 Screw-XS66 Mixing,0601-170-480-050
20057975,M601S115 Screw-XS65 Lime Transfer - Mix,0601-170-480-050
20057976,NDM559 Misc-'C' 0.3t Rotary feeder,2201-110-080-050
60100001,Bund - Storage Tank - Acid,0601-170-470
60100002,Conv - Pebbles Kenan Mixer Wagon,0601-170-480
60100003,Elec - Switchroom - CalMag 11000V,0501-160-310
60100004,Elec - Switchroom - No1 Powerhouse,0501-160-310
60100005,ELEC - Weigh System Vac-u-mac Tank,0601-170-470
60100006,Elect - MCC/PLC - Suspension Plant,0601-170-470
60100007,Elect-Control Panel- Bag Plant,0601-160-100
60100008,Elect-Control Panel- Despatch Plant 1,0601-160-111
60100009,Elect-Control Panel- Raw Materials Intake,0601-160-010
60100010,Elect-Electrical- Bag Plant,0601-160-100
60100011,Elect-Electrical- Despatch 3,0601-160-113
60100012,Elect-Electrical- Despatch Plant 1,0601-160-111
60100013,Elect-Electrical- Despatch 2,0601-160-112
60100014,Elect-Electrical- Raw Materials Intake,0601-160-010
60100015,Elect-Electrical- Stormwater,0601-160-350
60100016,Elect-Electrical- Stormwater Pond MCC/PLC/HMI,0601-160-350
60100017,Elect-Electrical- Stormwater Pond Switchboard,0601-160-350
60100018,Elect-MCC/Switchboard- Raw Materials Intake,0601-160-010
60100019,Hopper-Intake,0601-160-010
60100020,Inst -  Analysis - Stormwater Pond pH,0601-160-350
60100021,Inst -  Conductivity - Acid Tank Conductivity/Concetration,0601-170-470
60100022,Inst -  Conductivity - Stormwater Pond,0601-160-350
60100023,inst - Flow - Acid Transfer Flow Switch,0601-170-470
60100024,inst - Flow - Liquid 19N Despatch,0601-170-470
60100025,inst - Flow - Safety Shower Flow Switch,0601-170-470
60100026,inst - Flow - Stormwater Pond  Weir Outflow,0601-160-350
60100027,inst - Flow - Suspensions Despatch,0601-170-470
60100028,Inst - Level - Acid Tank Bund HiHi Level Switch,0601-170-470
60100029,Inst - Level - Acid Tank HiHi Level Switch,0601-170-470
60100030,Inst - Level - DAP Silo,0601-170-470
60100031,Inst - Level - Potash Silo,0601-170-470
60100032,Inst - Level - Tank 2,0601-170-470
60100033,Inst - Level - Tank 3,0601-170-470
60100034,Inst - Level - Tank 6,0601-170-470
60100035,Inst - Pressure - Acid Purge Line,0601-170-470
60100036,MISC  - Platforms - Stormwater,0601-160-350
60100037,MISC -  Shuttle Traverse - Super Store,0601-160-010
60100038,MISC -  Shuttle Traverse - Urea(G/Bays),0601-160-010
60100039,MISC -  Shuttle Traverse -Despatch 3,0601-160-113
60100040,MISC -  Shuttle Traverse -HA,0601-160-010
60100041,MISC -  Shuttle Traverse -Speed Belt,0601-160-010
60100042,MISC -  Shuttle Winch -Despatch 3,0601-160-113
60100043,MISC -  Spill Kits,0601-160-370
60100044,MISC - Air Compressor - Standby,0601-160-300
60100045,MISC - Fire Hydrants,0601-160-340
60100046,MISC - Hammer Mill,0601-160-112
60100047,MISC - Pebbles Kenan Mixer Wagon,0601-170-480
60100048,MISC - Platforms - Bagology,0601-160-100
60100049,MISC - Platforms - Coated Urea,0601-170-480
60100050,MISC - Platforms - Despatch 1,0601-160-111
60100051,MISC - Platforms - Despatch 2,0601-160-112
60100052,MISC - Platforms - Despatch 3,0601-160-113
60100053,MISC - Platforms - Suspension,0601-170-470
60100054,MISC - Platforms - Switchroom,0501-160-310
60100055,MISC - Product Bins and Hoppers,0601-160-020
60100056,Misc - Vibrator - DAP Silo,0601-170-470
60100057,Misc - Vibrator - Potash Silo,0601-170-470
60100058,MISC - Vibrator - Raw Materials Intake Hopper,0601-160-010
60100059,MISC - Vibrator - Urea Hopper,0601-160-111
60100060,Misc - Vibrator - Urea Intake Hopper,0601-170-470
60100061,Misc - Vibrator -DAP/Potash Hopper,0601-170-470
60100062,New Tank,0601-170-470
60100063,Pipes - Stormwater Pond Recirculation,0601-160-350
60100064,Pipes - Underground,0601-160-350
60100065,Piping - Despatch,0601-170-470
60100066,Process Control - Soft,0601-160-100
60100067,Process Control - Soft,0601-160-112
60100068,Process Control - Soft,0601-170-470
60100069,Process Control - Soft,0601-170-480
60100070,Pump - Pebbles Kenan Mixer Wagon Hydraulic,0601-170-480
60100071,Pump - Stormwater Pond Recirculation,0601-160-350
60100072,Pump- Agrotain Dosing,0601-160-010
60100074,Scales - Portable,0601-160-100
60100075,Scales - Portable,0601-170-470
60100076,Scales - Portable,0601-160-111
60100077,Scales - Portable,0601-160-112
60100078,Scales - Portable,0601-160-113
60100079,Screen - Bag Plant,0601-160-100
60100080,Screen- Elevtaor Discharge,0601-160-112
60100081,Stormwater Ponds,0601-160-350
60100082,Sumps - Site Wide Stormwater,0601-160-350
60100083,SUSPMP105 - Acid Transfer Pump,0601-170-470
60100084,Valve - Automatic - Acid purge,0601-170-470
60100085,Valve - Automatic - Acid Transfer,0601-170-470
60100086,Valve - Automatic - Liquid 19N Despatch,0601-170-470
60100087,Valve - Automatic - Suspensions Despatch,0601-170-470
60100088,Valve - Fluidising,0601-170-480
60100089,Valve - Manual - Despatch,0601-170-470
60100090,Valve - Manual - Manufacture,0601-170-470
60100091,Valve - Manual - Manufacture,0601-170-480
60100092,Valve - Pebbles Kenan Mixer Wagon Gate,0601-170-480
60100093,Valve - Stormwater Pond Outlet,0601-160-350
60100094,Valve - XV20 Batch Tank Recovery,0601-170-480
60100095,Valve - XV21 Batch Tank Transfer,0601-170-480
60100096,Valve - XV22 Hot Water Make Up Cold water Supply,0601-170-480
60100097,Valve - XV71 Hot Water Make Up Tank Outlet,0601-170-480
60100098,Winch - Pump Lifting Winch,0601-160-350
60100099,Inst - Level - Acid Tank,0601-170-470
0201-080,Acid Plant,201
0201-080-020,Bulk storage,0201-080
0201-080-120,Sulphur Melting,0201-080
0201-080-140,Sulphur - Hi Spec,0201-080
0201-080-150,Boiler  System,0201-080
0201-080-155,Steam System,0201-080
0201-080-160,Sulphur gas system,0201-080
0201-080-170,Acid system,0201-080
0201-080-180,Acid Plant other,0201-080
0201-080-440,Vehicles,0201-080
0201-090,Rockstore,201
0201-090-020,Bulk storage,0201-090
0201-100,Acidulation,201
0201-100-430,Buildings General,0201-100
0201-110,Despatch,201
0201-110-020,Bulk storage,0201-110
0201-110-440,Vehicles,0201-110
0301-160,Customer Service Centers,301
0301-160-070,Despatch Screening,0301-160
0301-160-070-210,Separating Equipment,0301-160-070
0301-160-080,Despatch Blending,0301-160
0301-160-080-010,"Agitators, Mixers or Blenders",0301-160-080
0301-160-080-050,Conveying Equipment,0301-160-080
0301-160-080-070,"Disintegrators, Crushers, Grinders",0301-160-080
0301-160-080-150,Mechanical Equipment,0301-160-080
0301-160-080-260,"Vessels, Tanks, Hoppers",0301-160-080
0301-160-100,Bagging,0301-160
0301-160-100-020,Bagging Systems,0301-160-100
0301-160-100-040,"Compressors, Blowers, Fans",0301-160-100
0301-160-100-050,Conveying Equipment,0301-160-100
0301-160-100-150,Mechanical Equipment,0301-160-100
0301-160-100-260,"Vessels, Tanks, Hoppers",0301-160-100
0301-160-100-270,Weighing Equipment,0301-160-100
0301-160-310,Electrical Distribution,0301-160
0301-160-310-090,Electrical Equipment,0301-160-310
0301-160-350,Stormwater,0301-160
0301-160-350-170,"Pits, Sumps and Bunds",0301-160-350
0301-160-370,Roading and Grounds,0301-160
0301-160-370-220,Site Services Equipment,0301-160-370
0301-160-430,Buildings General,0301-160
0301-160-430-030,Building or Structures,0301-160-430
0301-160-440,Vehicles,0301-160
0301-160-440-250,Vehicles,0301-160-440
0301-160-450,Site General,0301-160
0301-160-450-220,Site Services Equipment,0301-160-450
0401-160,Customer Service Centers,401
0401-160-111,Despatch Plant 1,0401-160
0401-160-111-010,"Agitators, Mixers or Blenders",0401-160-111
0401-160-111-050,Conveying Equipment,0401-160-111
0401-160-111-070,"Disintegrators, Crushers, Grinders",0401-160-111
0401-160-111-090,Electrical Equipment,0401-160-111
0401-160-111-120,Instrumentation and Automation,0401-160-111
0401-160-111-150,Mechanical Equipment,0401-160-111
0401-160-111-210,Separating Equipment,0401-160-111
0401-160-111-270,Weighing Equipment,0401-160-111
0401-160-300,Plant Air,0401-160
0401-160-310,Electrical Distribution,0401-160
0401-160-310-090,Electrical Equipment,0401-160-310
0401-160-350,Stormwater,0401-160
0401-160-350-170,"Pits, Sumps and Bunds",0401-160-350
0401-160-370,Roading and Grounds,0401-160
0401-160-370-220,Site Services Equipment,0401-160-370
0401-160-430,Buildings General,0401-160
0401-160-430-030,Building or Structures,0401-160-430
0401-160-430-090,Electrical Equipment,0401-160-430
0401-160-440,Vehicles,0401-160
0401-160-440-250,Vehicles,0401-160-440
0401-160-450,Site General,0401-160
0401-160-450-220,Site Services Equipment,0401-160-370
0401-160-999,Service Centre,0401-160
0401-160-999-050,Conveying Equipment,0401-160-999
0401-160-999-260,"Vessels, Tanks, Hoppers",0401-160-999
0401-160-999-270,Weighing Equipment,0401-160-999
0501-160,Customer Service Center,501
0501-160-111,Despatch Plant 1,0501-160
0501-160-300,Plant Air,0501-160
0501-160-310,Electrical Distribution,0501-160
0501-160-430,Buildings General,0501-160
0501-160-999,Service Centre,0501-160
0501-160-999-030,Building or Structures,0501-160-999
0501-160-999-220,Site Services Equipment,0501-160-999
0501-160-999-250,Vehicles,0501-160-999
0501-160-999-270,Weighing Equipment,0501-160-999
0601-160,Customer Service Centers,601
0601-160-010,Raw Material Intake,0601-160
0601-160-010-030,Building or Structures,0601-160-010
0601-160-010-050,Conveying Equipment,0601-160-010
0601-160-010-090,Electrical Equipment,0601-160-010
0601-160-010-150,Mechanical Equipment,0601-160-010
0601-160-010-190,Pumps,0601-160-010
0601-160-010-260,"Vessels, Tanks, Hoppers",0601-160-010
0601-160-020,Bulk storage,0601-160
0601-160-020-030,Building or Structures,0601-160-020
0601-160-020-090,Electrical Equipment,0601-160-020
0601-160-020-260,"Vessels, Tanks, Hoppers",0601-160-020
0601-160-080,Despatch Blending,0601-160
0601-160-080-010,"Agitators, Mixers or Blenders",0601-160-080
0601-160-080-671,NULL,0601-160-080
0601-160-100,Bagging,0601-160
0601-160-100-030,Building or Structures,0601-160-100
0601-160-100-050,Conveying Equipment,0601-160-100
0601-160-100-090,Electrical Equipment,0601-160-100
0601-160-100-150,Mechanical Equipment,0601-160-100
0601-160-100-210,Separating Equipment,0601-160-100
0601-160-100-260,"Vessels, Tanks, Hoppers",0601-160-100
0601-160-100-270,Weighing Equipment,0601-160-100
0601-160-110,Despatch other,0601-160
0601-160-110-260,"Vessels, Tanks, Hoppers",0601-160-110
0601-160-111,Despatch Plant 1,0501-160
0601-160-111-030,Building or Structures,0601-160-111
0601-160-111-050,Conveying Equipment,0601-160-111
0601-160-111-070,"Disintegrators, Crushers, Grinders",0601-160-111
0601-160-111-090,Electrical Equipment,0601-160-111
0601-160-111-150,Mechanical Equipment,0601-160-111
0601-160-111-210,Separating Equipment,0601-160-111
0601-160-111-260,"Vessels, Tanks, Hoppers",0601-160-111
0601-160-111-270,Weighing Equipment,0601-160-111
0601-160-112,Despatch Plant 2,0501-160
0601-160-112-030,Building or Structures,0601-160-020
0601-160-112-050,Conveying Equipment,0601-160-112
0601-160-112-070,"Disintegrators, Crushers, Grinders",0601-160-112
0601-160-112-090,Electrical Equipment,0601-160-112
0601-160-112-150,Mechanical Equipment,0601-160-112
0601-160-112-210,Separating Equipment,0601-160-112
0601-160-112-260,"Vessels, Tanks, Hoppers",0601-160-112
0601-160-112-270,Weighing Equipment,0601-160-112
0601-160-113,Despatch Plant 3,0601-160
0601-160-113-030,Building or Structures,0601-160-020
0601-160-113-050,Conveying Equipment,0601-160-113
0601-160-113-070,"Disintegrators, Crushers, Grinders",0601-160-113
0601-160-113-090,Electrical Equipment,0601-160-113
0601-160-113-150,Mechanical Equipment,0601-160-113
0601-160-113-210,Separating Equipment,0601-160-113
0601-160-113-260,"Vessels, Tanks, Hoppers",0601-160-113
0601-160-113-270,Weighing Equipment,0601-160-113
0601-160-150,Boiler  System,0601-160
0601-160-150-260,"Vessels, Tanks, Hoppers",0601-160-150
0601-160-300,Plant Air,0601-160
0601-160-300-040,"Compressors, Blowers, Fans",0601-160-300
0601-160-310,Electrical Distribution,0601-160
0601-160-310-030,Building or Structures,0601-160-310
0601-160-310-090,Electrical Equipment,0601-160-310
0601-160-340,Townwater,0601-160
0601-160-340-160,Piping Systems,0601-160-340
0601-160-340-220,Site Services Equipment,0601-160-340
0601-160-350,Stormwater,0601-160
0601-160-350-030,Building or Structures,0601-160-350
0601-160-350-090,Electrical Equipment,0601-160-350
0601-160-350-120,Instrumentation and Automation,0601-160-350
0601-160-350-150,Mechanical Equipment,0601-160-350
0601-160-350-160,Piping Systems,0601-160-350
0601-160-350-170,"Pits, Sumps and Bunds",0601-160-350
0601-160-350-190,Pumps,0601-160-350
0601-160-350-240,Valves,0601-160-350
0601-160-360,Effluent,0601-160
0601-160-360-220,Site Services Equipment,0601-160-360
0601-160-370,Roading and Grounds,0601-160
0601-160-370-220,Site Services Equipment,0601-160-370
0601-160-370-225,Site Safety Equipment,0601-160-370
0601-160-430,Buildings General,0601-160
0601-160-430-030,Building or Structures,0601-160-020
0601-160-440,Vehicles,0601-160
0601-160-440-250,Vehicles,0601-160-440
0601-170,Specialised Manufacturing,601
0601-170-470,Liquid Suspension,0601-170
0601-170-470-010,"Agitators, Mixers or Blenders",0601-170-470
0601-170-470-030,Building or Structures,0601-170-470
0601-170-470-050,Conveying Equipment,0601-170-470
0601-170-470-090,Electrical Equipment,0601-170-470
0601-170-470-120,Instrumentation and Automation,0601-170-470
0601-170-470-150,Mechanical Equipment,0601-170-470
0601-170-470-160,Piping Systems,0601-170-470
0601-170-470-170,"Pits, Sumps and Bunds",0601-170-470
0601-170-470-190,Pumps,0601-170-470
0601-170-470-210,Separating Equipment,0601-170-470
0601-170-470-260,"Vessels, Tanks, Hoppers",0601-170-470
0601-170-480,Coated Urea,0601-170
0601-170-480-010,"Agitators, Mixers or Blenders",0601-170-480
0601-170-480-030,Building or Structures,0601-170-480
0601-170-480-040,"Compressors, Blowers, Fans",0601-170-480
0601-170-480-050,Conveying Equipment,0601-170-480
0601-170-480-080,Driers,0601-170-480
0601-170-480-090,Electrical Equipment,0601-170-480
0601-170-480-150,Mechanical Equipment,0601-170-480
0601-170-480-190,Pumps,0601-170-480
0601-170-480-210,Separating Equipment,0601-170-480
0601-170-480-240,Valves,0601-170-480
0601-170-480-260,"Vessels, Tanks, Hoppers",0601-170-480
0601-170-480-440,Vehicles,0601-170-480
0701-160,Customer Service Center,701
0701-160-111,Despatch Plant 1,0701-160
0701-160-300,Plant Air,0701-160
0701-160-310,Electrical Distribution,0701-160
0701-160-430,Buildings General,0701-160
0701-160-430-030,Building or Structures,0701-160-430
0701-160-999,Service Centre,0701-160
0701-160-999-010,"Agitators, Mixers or Blenders",0701-160-999
0701-160-999-050,Conveying Equipment,0701-160-999
0701-160-999-090,Electrical Equipment,0701-160-999
0701-160-999-150,Mechanical Equipment,0701-160-999
0701-160-999-170,"Pits, Sumps and Bunds",0701-160-999
0701-160-999-220,Site Services Equipment,0701-160-999
0701-160-999-250,Vehicles,0701-160-999
0701-160-999-260,"Vessels, Tanks, Hoppers",0701-160-999
0701-160-999-270,Weighing Equipment,0701-160-999
0801-160,Customer Service Center,801
0801-160-010,Bulk Material - Intake,0801-160
0801-160-100,Bagging,0801-160
0801-160-111,Despatch Plant 1,0801-160
0801-160-300,Plant Air,0801-160
0801-160-310,Electrical Distribution,0801-160
0801-160-350,Stormwater,0801-160
0801-160-370,Roading and Grounds,0801-160
0801-160-430,Buildings General,0801-160
0801-160-440,Vehicles,0801-160
0801-160-450,Site General,0801-160
0801-160-999,Service Centre,0801-160
0801-160-999-010,"Agitators, Mixers or Blenders",0801-160-999
0801-160-999-020,Bagging Systems,0801-160-999
0801-160-999-030,Building or Structures,0801-160-999
0801-160-999-050,Conveying Equipment,0801-160-999
0801-160-999-070,"Disintegrators, Crushers, Grinders",0801-160-999
0801-160-999-090,Electrical Equipment,0801-160-999
0801-160-999-150,Mechanical Equipment,0801-160-999
0801-160-999-170,"Pits, Sumps and Bunds",0801-160-999
0801-160-999-190,Pumps,0801-160-999
0801-160-999-210,Separating Equipment,0801-160-999
0801-160-999-220,Site Services Equipment,0801-160-999
0801-160-999-250,Vehicles,0801-160-999
0801-160-999-260,"Vessels, Tanks, Hoppers",0801-160-999
0801-160-999-270,Weighing Equipment,0801-160-999
0801-170,Specialised Manufacturing,801
0801-170-470,Liquid Suspension,0801-170
0901-160,Customer Service Center,901
0901-160-010,Raw Material Intake,0901-160
0901-160-010-050,Conveying Equipment,0901-160-010
0901-160-010-260,"Vessels, Tanks, Hoppers",0901-160-010
0901-160-100,Bagging,0901-160
0901-160-100-260,"Vessels, Tanks, Hoppers",0901-160-100
0901-160-110,Despatch other,0901-160
0901-160-110-270,Weighing Equipment,0901-160-110
0901-160-111,Despatch Plant 1,0901-160
0901-160-111-010,"Agitators, Mixers or Blenders",0901-160-111
0901-160-111-050,Conveying Equipment,0901-160-111
0901-160-111-210,Separating Equipment,0901-160-111
0901-160-112,Despatch Plant 2,0901-160
0901-160-300,Plant Air,0901-160
0901-160-310,Electrical Distribution,0901-160
0901-160-310-090,Electrical Equipment,0901-160-310
0901-160-350,Stormwater,0901-160
0901-160-350-220,Site Services Equipment,0901-160-350
0901-160-370,Roading and Grounds,0901-160
0901-160-370-220,Site Services Equipment,0901-160-370
0901-160-370-225,Site Safety Equipment,0901-160-450
0901-160-430,Buildings General,0901-160
0901-160-430-030,Building or Structures,0901-160-430
0901-160-440,Vehicles,0901-160
0901-160-440-250,Vehicles,0901-160-440
0901-160-450,Site General,0901-160
0901-160-999-050,Conveying Equipment,0801-160-999
0901-160-999-210,Separating Equipment,0801-160-999
0901-160-999-260,"Vessels, Tanks, Hoppers",0801-160-999
1010-160,Customer Service Center,1010
1010-160-100,Bagging,1010-160
1010-160-111,Despatch Plant 1,1010-160
1010-160-300,Plant Air,1010-160
1010-160-310,Electrical Distribution,1010-160
1010-160-350,Stormwater,1010-160
1010-160-360,Effluent,1010-160
1010-160-370,Roading and Grounds,1010-160
1010-160-430,Buildings General,1010-160
1010-160-450,Site General,1010-160
1010-160-999,Service Centre,1010-160
1010-160-999-010,"Agitators, Mixers or Blenders",1010-160-999
1010-160-999-030,Building or Structures,1010-160-999
1010-160-999-050,Conveying Equipment,1010-160-999
1010-160-999-090,Electrical Equipment,1010-160-999
1010-160-999-210,Separating Equipment,1010-160-999
1010-160-999-220,Site Services Equipment,1010-160-999
1010-160-999-250,Vehicles,1010-160-999
1011-160,Customer Service Center,1011
1011-160-111,Despatch Plant 1,1011-160
1011-160-300,Plant Air,1011-160
1011-160-310,Electrical Distribution,1011-160
1011-160-370,Roading and Grounds,1011-160
1011-160-430,Buildings General,1011-160
1011-160-999,Service Centre,1011-160
1011-160-999-010,"Agitators, Mixers or Blenders",1011-160-999
1011-160-999-030,Building or Structures,1011-160-999
1011-160-999-050,Conveying Equipment,1011-160-999
1011-160-999-090,Electrical Equipment,1011-160-999
1011-160-999-170,"Pits, Sumps and Bunds",1011-160-999
1011-160-999-220,Site Services Equipment,1011-160-999
1011-160-999-250,Vehicles,1011-160-999
1011-160-999-260,"Vessels, Tanks, Hoppers",1011-160-999
1011-160-999-270,Weighing Equipment,1011-160-999
1012-160,Customer Service Center,1012
1012-160-020,Bulk storage,1012-160
1012-160-100,Bagging,1012-160
1012-160-111,Despatch Plant 1,1012-160
1012-160-300,Plant Air,1012-160
1012-160-310,Electrical Distribution,1012-160
1012-160-350,Stormwater,1012-160
1012-160-370,Roading and Grounds,1012-160
1012-160-430,Buildings General,1012-160
1012-160-450,Site General,1012-160
1012-160-999,Service Centre,1012-160
1012-160-999-030,Building or Structures,1012-160-999
1012-160-999-150,Mechanical Equipment,1012-160-999
1012-160-999-250,Vehicles,1012-160-999
1013-160,Customer Service Center,1013
1013-160-010,Bulk Material - Intake,1013-160
1013-160-100,Bagging,1013-160
1013-160-111,Despatch Plant 1,1013-160
1013-160-300,Plant Air,1013-160
1013-160-310,Electrical Distribution,1013-160
1013-160-350,Stormwater,1013-160
1013-160-360,Effluent,1013-160
1013-160-370,Roading and Grounds,1013-160
1013-160-430,Buildings General,1013-160
1013-160-440,Vehicles,1013-160
1013-160-450,Site General,1013-160
1013-160-999,Service Centre,1013-160
1013-160-999-030,Building or Structures,1013-160-999
1013-160-999-150,Mechanical Equipment,1013-160-999
1013-160-999-250,Vehicles,1013-160-999
1014-160,Customer Service Center,1014
1014-160-010,Bulk Material - Intake,1014-160
1014-160-010-030,Building or Structures,1014-160-010
1014-160-010-050,Conveying Equipment,1014-160-010
1014-160-010-090,Electrical Equipment,1014-160-010
1014-160-010-130,Lifting Equipment,1014-160-010
1014-160-010-150,Mechanical Equipment,1014-160-010
1014-160-010-170,"Pits, Sumps and Bunds",1014-160-010
1014-160-010-260,"Vessels, Tanks, Hoppers",1014-160-010
1014-160-111,Despatch Plant 1,1014-160
1014-160-111-010,"Agitators, Mixers or Blenders",1014-160-111
1014-160-111-030,Building or Structures,1014-160-111
1014-160-111-050,Conveying Equipment,1014-160-111
1014-160-111-070,"Disintegrators, Crushers, Grinders",1014-160-111
1014-160-111-090,Electrical Equipment,1014-160-111
1014-160-111-150,Mechanical Equipment,1014-160-111
1014-160-111-210,Separating Equipment,1014-160-111
1014-160-111-260,"Vessels, Tanks, Hoppers",1014-160-111
1014-160-111-270,Weighing Equipment,1014-160-111
1014-160-300,Plant Air,1014-160
1014-160-300-040,"Compressors, Blowers, Fans",1014-160-300
1014-160-310,Electrical Distribution,1014-160
1014-160-310-090,Electrical Equipment,1014-160-310
1014-160-350,Stormwater,1014-160
1014-160-350-160,Piping Systems,1014-160-350
1014-160-350-170,"Pits, Sumps and Bunds",1014-160-350
1014-160-350-190,Pumps,1014-160-350
1014-160-350-260,"Vessels, Tanks, Hoppers",1014-160-350
1014-160-360,Effluent,1014-160
1014-160-360-160,Piping Systems,1014-160-360
1014-160-360-190,Pumps,1014-160-360
1014-160-360-260,"Vessels, Tanks, Hoppers",1014-160-360
1014-160-370,Roading and Grounds,1014-160
1014-160-370-220,Site Services Equipment,1014-160-370
1014-160-370-225,Site Safety Equipment,1014-160-370
1014-160-430,Buildings General,1014-160
1014-160-430-030,Building or Structures,1014-160-430
1014-160-430-090,Electrical Equipment,1014-160-430
1014-160-440,Vehicles,1014-160
1014-160-440-250,Vehicles,1014-160-440
1014-160-450,Site General,1014-160
1014-160-450-220,Site Services Equipment,1014-160-450
1014-160-450-225,Site Safety Equipment,1014-160-450
1014-160-999,Old - Service Centre,1014-160
1014-160-999-010,"Agitators, Mixers or Blenders",1014-160-999
1014-160-999-090,Electrical Equipment,1014-160-999
1014-160-999-150,Mechanical Equipment,1014-160-999
1014-160-999-160,Piping Systems,1014-160-999
1015-160,Customer Service Center,1015
1015-160-010,Raw Material Intake,1015-160
1015-160-111,Despatch Plant 1,1015-160
1015-160-300,Plant Air,1015-160
1015-160-310,Electrical Distribution,1015-160
1015-160-370,Roading and Grounds,1015-160
1015-160-430,Buildings General,1015-160
1015-160-430-030,Building or Structures,1015-160-430
1015-160-450,Site General,1015-160
1015-160-999,Service Centre,1015-160
1015-160-999-010,"Agitators, Mixers or Blenders",1015-160-999
1015-160-999-050,Conveying Equipment,1015-160-999
1015-160-999-090,Electrical Equipment,1015-160-999
1015-160-999-170,"Pits, Sumps and Bunds",1015-160-999
1015-160-999-220,Site Services Equipment,1015-160-999
1015-160-999-250,Vehicles,1015-160-999
1015-160-999-260,"Vessels, Tanks, Hoppers",1015-160-999
1015-160-999-270,Weighing Equipment,1015-160-999
1016-160,Customer Service Center,1016
1016-160-010,Bulk Material - Intake,1016-160
1016-160-111,Despatch Plant 1,1016-160
1016-160-310,Electrical Distribution,1016-160
1016-160-350,Stormwater,1016-160
1016-160-360,Effluent,1016-160
1016-160-370,Roading and Grounds,1016-160
1016-160-430,Buildings General,1016-160
1016-160-450,Site General,1016-160
1016-160-999,Service Centre,1016-160
1016-160-999-010,"Agitators, Mixers or Blenders",1016-160-999
1016-160-999-030,Building or Structures,1016-160-999
1016-160-999-050,Conveying Equipment,1016-160-999
1016-160-999-090,Electrical Equipment,1016-160-999
1016-160-999-150,Mechanical Equipment,1016-160-999
1016-160-999-160,Piping Systems,1016-160-999
1016-160-999-170,"Pits, Sumps and Bunds",1016-160-999
1016-160-999-190,Pumps,1016-160-999
1016-160-999-220,Site Services Equipment,1016-160-999
1016-160-999-250,Vehicles,1016-160-999
1016-160-999-260,"Vessels, Tanks, Hoppers",1016-160-999
1016-160-999-270,Weighing Equipment,1016-160-999
1017-160,Customer Service Center,1017
1017-160-999,Service Centre,1017-160
1017-160-999-010,"Agitators, Mixers or Blenders",1017-160-999
1017-160-999-030,Building or Structures,1017-160-999
1017-160-999-050,Conveying Equipment,1017-160-999
1017-160-999-090,Electrical Equipment,1017-160-999
1017-160-999-150,Mechanical Equipment,1017-160-999
1017-160-999-170,"Pits, Sumps and Bunds",1017-160-999
1017-160-999-220,Site Services Equipment,1017-160-999
1017-160-999-250,Vehicles,1017-160-999
1017-160-999-270,Weighing Equipment,1017-160-999
1018-160,Customer Service Center,1018
1018-160-010,Raw Material Intake,1018-160
1018-160-111,Despatch Plant 1,1018-160
1018-160-111-010,"Agitators, Mixers or Blenders",1018-160-010
1018-160-111-030,Building or Structures,1018-160-111
1018-160-111-050,Conveying Equipment,1018-160-010
1018-160-111-070,"Disintegrators, Crushers, Grinders",1018-160-111
1018-160-111-090,Electrical Equipment,1018-160-111
1018-160-111-150,Mechanical Equipment,1018-160-111
1018-160-111-210,Separating Equipment,1018-160-111
1018-160-111-270,Weighing Equipment,1018-160-111
1018-160-300,Plant Air,1018-160
1018-160-310,Electrical Distribution,1018-160
1018-160-350,Stormwater,1018-160
1018-160-370,Roading and Grounds,1018-160
1018-160-370-220,Site Services Equipment,1018-160-370
1018-160-430,Buildings General,1018-160
1018-160-430-030,Building or Structures,1018-160-430
1018-160-999,Service Centre,1018-160
1018-160-999-090,Electrical Equipment,1018-160-999
1018-160-999-170,"Pits, Sumps and Bunds",1018-160-999
1018-160-999-190,Pumps,1018-160-999
1018-160-999-220,Site Services Equipment,1018-160-999
1018-160-999-250,Vehicles,1018-160-999
1018-160-999-260,"Vessels, Tanks, Hoppers",1018-160-999
1018-160-999-270,Weighing Equipment,1018-160-999
1019-160,Customer Service Center,1019
1019-160-111,Despatch Plant 1,1019-160
1019-160-310,Electrical Distribution,1019-160
1019-160-350,Stormwater,1019-160
1019-160-370,Roading and Grounds,1019-160
1019-160-430,Buildings General,1019-160
1019-160-999,Service Centre,1019-160
1019-160-999-010,"Agitators, Mixers or Blenders",1019-160-999
1019-160-999-030,Building or Structures,1019-160-999
1019-160-999-220,Site Services Equipment,1019-160-999
1019-160-999-250,Vehicles,1019-160-999
1019-160-999-270,Weighing Equipment,1019-160-999
1155-160,Customer Service Center,1155
1155-160-100,Bagging,1155-160
1155-160-111,Despatch Plant 1,1155-160
1155-160-300,Plant Air,1155-160
1155-160-310,Electrical Distribution,1155-160
1155-160-350,Stormwater,1155-160
1155-160-370,Roading and Grounds,1155-160
1155-160-430,Buildings General,1155-160
1155-160-450,Site General,1155-160
1155-160-999,Service Centre,1155-160
1155-160-999-010,"Agitators, Mixers or Blenders",1155-160-999
1155-160-999-030,Building or Structures,1155-160-999
1155-160-999-250,Vehicles,1155-160-999
1351-160,Customer Service Center,1351
1351-160-999,Service Centre,1351-160
1351-160-999-150,Mechanical Equipment,1351-160-999
1352-160,Customer Service Center,1352
1352-160-100,Bagging,1352-160
1352-160-111,Despatch Plant 1,1352-160
1352-160-300,Plant Air,1352-160
1352-160-310,Electrical Distribution,1352-160
1352-160-370,Roading and Grounds,1352-160
1352-160-430,Buildings General,1352-160
1352-160-440,Vehicles,1352-160
1352-160-999,Service Centre,1352-160
1352-160-999-010,"Agitators, Mixers or Blenders",1352-160-999
1352-160-999-030,Building or Structures,1352-160-999
1352-160-999-150,Mechanical Equipment,1352-160-999
1352-160-999-250,Vehicles,1352-160-999
1354-160,Customer Service Center,1354
1354-160-100,Bagging,1354-160
1354-160-111,Despatch Plant 1,1354-160
1354-160-300,Plant Air,1354-160
1354-160-310,Electrical Distribution,1354-160
1354-160-350,Stormwater,1354-160
1354-160-430,Buildings General,1354-160
1354-160-430-030,Building or Structures,1354-160-430
1354-160-450,Site General,1354-160
1354-160-999,Service Centre,1354-160
1354-160-999-010,"Agitators, Mixers or Blenders",1354-160-999
1354-160-999-090,Electrical Equipment,1354-160-999
1354-160-999-150,Mechanical Equipment,1354-160-999
1354-160-999-170,"Pits, Sumps and Bunds",1354-160-999
1354-160-999-220,Site Services Equipment,1354-160-999
1354-160-999-250,Vehicles,1354-160-999
1355-160,Customer Service Center,1355
1355-160-100,Bagging,1355-160
1355-160-111,Despatch Plant 1,1355-160
1355-160-300,Plant Air,1355-160
1355-160-310,Electrical Distribution,1355-160
1355-160-350,Stormwater,1355-160
1355-160-430,Buildings General,1355-160
1355-160-450,Site General,1355-160
1355-160-999,Service Centre,1355-160
1355-160-999-010,"Agitators, Mixers or Blenders",1354-160-999
1355-160-999-030,Building or Structures,1355-160-999
1355-160-999-050,Conveying Equipment,1355-160-999
1355-160-999-090,Electrical Equipment,1355-160-999
1355-160-999-150,Mechanical Equipment,1355-160-999
1355-160-999-170,"Pits, Sumps and Bunds",1355-160-999
1355-160-999-220,Site Services Equipment,1355-160-999
1355-160-999-250,Vehicles,1355-160-999
1355-160-999-270,Weighing Equipment,1355-160-999
1621-160,Customer Service Center,1621
1621-160-111,Despatch Plant 1,1621-160
1621-160-300,Plant Air,1621-160
1621-160-310,Electrical Distribution,1621-160
1621-160-350,Stormwater,1621-160
1621-160-360,Effluent,1621-160
1621-160-370,Roading and Grounds,1621-160
1621-160-430,Buildings General,1621-160
1621-160-440,Vehicles,1621-160
1621-160-999,Service Centre,1621-160
1621-160-999-010,"Agitators, Mixers or Blenders",1621-160-999
1621-160-999-030,Building or Structures,1621-160-999
1621-160-999-150,Mechanical Equipment,1621-160-999
1621-160-999-250,Vehicles,1621-160-999
1645-160,Customer Service Center,1645
1645-160-020,Bulk storage,1645-160
1645-160-100,Bagging,1645-160
1645-160-111,Despatch Plant 1,1645-160
1645-160-300,Plant Air,1645-160
1645-160-310,Electrical Distribution,1645-160
1645-160-350,Stormwater,1645-160
1645-160-360,Effluent,1645-160
1645-160-370,Roading and Grounds,1645-160
1645-160-430,Buildings General,1645-160
1645-160-999-010,"Agitators, Mixers or Blenders",1621-160-999
1645-160-999-030,Building or Structures,1621-160-999
1645-160-999-050,Conveying Equipment,1621-160-999
1645-160-999-090,Electrical Equipment,1621-160-999
1645-160-999-170,"Pits, Sumps and Bunds",1621-160-999
1645-160-999-220,Site Services Equipment,1621-160-999
1645-160-999-250,Vehicles,1621-160-999
1645-160-999-260,"Vessels, Tanks, Hoppers",1621-160-999
1645-160-999-270,Weighing Equipment,1621-160-999
1646-160,Customer Service Center,1646
1646-160-010,Bulk Material - Intake,1646-160
1646-160-100,Bagging,1646-160
1646-160-111,Despatch Plant 1,1646-160
1646-160-300,Plant Air,1646-160
1646-160-370,Roading and Grounds,1646-160
1646-160-430,Buildings General,1646-160
1646-160-450,Site General,1646-160
1646-160-999-010,"Agitators, Mixers or Blenders",1621-160-999
1646-160-999-030,Building or Structures,1621-160-999
1646-160-999-090,Electrical Equipment,1621-160-999
1646-160-999-170,"Pits, Sumps and Bunds",1621-160-999
1646-160-999-220,Site Services Equipment,1621-160-999
1646-160-999-250,Vehicles,1621-160-999
1710-160,Customer Service Center,1710
1710-160-440,Vehicles,1710-160
1710-160-440-250,Vehicles,1710-160-440
1710-160-999,Service Centre,1710-160
1710-160-999-030,Building or Structures,1710-160-999
1710-160-999-050,Conveying Equipment,1710-160-999
1710-160-999-150,Mechanical Equipment,1710-160-999
1710-160-999-170,"Pits, Sumps and Bunds",1710-160-999
1710-160-999-190,Pumps,1710-160-999
1710-160-999-250,Vehicles,1710-160-999
1715-160,Customer Service Center,1715
1715-160-111,Despatch Plant #1,1715-160
1715-160-111-030,Building or Structures,1715-160-111
1715-160-111-050,Conveying Equipment,1715-160-111
1715-160-111-070,"Disintegrators, Crushers, Grinders",1715-160-111
1715-160-111-090,Electrical Equipment,1715-160-111
1715-160-111-150,Mechanical Equipment,1715-160-111
1715-160-111-210,Separating Equipment,1715-160-111
1715-160-111-260,"Vessels, Tanks, Hoppers",1715-160-111
1715-160-111-270,Weighing Equipment,1715-160-111
1715-160-300,Plant Air,1715-160
1715-160-300-040,"Compressors, Blowers, Fans",1715-160-300
1715-160-310,Electrical Distribution,1715-160
1715-160-310-090,Electrical Equipment,1715-160-310
1715-160-350,Stormwater,1715-160
1715-160-350-160,Piping Systems,1715-160-350
1715-160-350-170,"Pits, Sumps and Bunds",1715-160-350
1715-160-360,Effluent,1715-160
1715-160-360-160,Piping Systems,1715-160-360
1715-160-360-190,Pumps,1715-160-360
1715-160-370,Roading and Grounds,1715-160
1715-160-370-225,Site Safety Equipment,1715-160-370
1715-160-430,Buildings General,1715-160
1715-160-430-030,Building or Structures,1715-160-430
1715-160-430-090,Electrical Equipment,1715-160-430
1715-160-440,Vehicles,1715-160
1715-160-440-250,Vehicles,1715-160-440
1715-160-450,Site General,1715-160
1715-160-450-225,Site Safety Equipment,1715-160-450
2200-160,Customer Service Center,2200
2200-160-010,Bulk Material - Intake,2200-160
2200-160-100,Bagging 1T Line,2200-160
2200-160-101,Bagging 20kg Line,2200-160
2200-160-110,Despatch Plant 1,2200-160
2200-160-300,Plant Air,2200-160
2200-160-310,Electrical Distribution,2200-160
2200-160-350,Stormwater,2200-160
2200-160-360,Effluent,2200-160
2200-160-370,Roading and Grounds,2200-160
2200-160-430,Buildings General,2200-160
2200-160-440,Vehicles,2200-160
2200-160-450,Site General,2200-160
2201-070,Customer Service Center,2201
2201-070-420,Administration,2201-070
2201-070-420-030,Building or Structures,2201-070-420
2201-080,Acid Plant,2201
2201-080-010,Raw Material Intake,2201-080
2201-080-010-030,Building or Structures,2201-080-010
2201-080-010-050,Conveying Equipment,2201-080-010
2201-080-010-130,Lifting Equipment,2201-080-010
2201-080-120,Sulphur Melting,2201-080
2201-080-120-010,"Agitators, Mixers or Blenders",2201-080-120
2201-080-120-030,Building or Structures,2201-080-120
2201-080-120-100,Exchangers,2201-080-120
2201-080-120-160,Piping Systems,2201-080-120
2201-080-120-190,Pumps,2201-080-120
2201-080-120-210,Separating Equipment,2201-080-120
2201-080-120-260,"Vessels, Tanks, Hoppers",2201-080-120
2201-080-130,Sulphur Priller,2201-080
2201-080-130-030,Building or Structures,2201-080-130
2201-080-130-160,Piping Systems,2201-080-130
2201-080-130-190,Pumps,2201-080-130
2201-080-130-210,Separating Equipment,2201-080-130
2201-080-130-260,"Vessels, Tanks, Hoppers",2201-080-130
2201-080-150,Boiler  System,2201-080
2201-080-150-160,Piping Systems,2201-080-150
2201-080-150-190,Pumps,2201-080-150
2201-080-150-200,Rotating Equipment,2201-080-150
2201-080-150-230,Steam Equipment,2201-080-150
2201-080-150-240,Valves,2201-080-150
2201-080-150-260,"Vessels, Tanks, Hoppers",2201-080-150
2201-080-160,Sulphur gas system,2201-080
2201-080-160-040,"Compressors, Blowers, Fans",2201-080-160
2201-080-160-100,Exchangers,2201-080-160
2201-080-160-160,Piping Systems,2201-080-160
2201-080-160-260,"Vessels, Tanks, Hoppers",2201-080-160
2201-080-170,Acid system,2201-080
2201-080-170-100,Exchangers,2201-080-170
2201-080-170-150,Mechanical Equipment,2201-080-170
2201-080-170-160,Piping Systems,2201-080-170
2201-080-170-190,Pumps,2201-080-170
2201-080-170-260,"Vessels, Tanks, Hoppers",2201-080-170
2201-080-180,Acid Plant other,2201-080
2201-080-180-030,Building or Structures,2201-080-180
2201-080-180-090,Electrical Equipment,2201-080-180
2201-080-180-120,Instrumentation and Automation,2201-080-180
2201-080-180-130,Lifting Equipment,2201-080-180
2201-080-180-150,Mechanical Equipment,2201-080-180
2201-080-180-250,Vehicles,2201-080-180
2201-080-300,Plant Air,2201-080
2201-080-300-040,"Compressors, Blowers, Fans",2201-080-300
2201-080-300-080,Driers,2201-080-300
2201-080-300-120,Instrumentation and Automation,2201-080-300
2201-080-300-160,Piping Systems,2201-080-300
2201-080-300-260,"Vessels, Tanks, Hoppers",2201-080-300
2201-080-310,Electrical Distribution,2201-080
2201-080-310-090,Electrical Equipment,2201-080-310
2201-080-310-120,Instrumentation and Automation,2201-080-310
2201-080-320,Saltwater intake,2201-080
2201-080-320-030,Building or Structures,2201-080-320
2201-080-320-090,Electrical Equipment,2201-080-320
2201-080-320-160,Piping Systems,2201-080-320
2201-080-320-190,Pumps,2201-080-320
2201-080-320-210,Separating Equipment,2201-080-320
2201-080-340,Townwater,2201-080
2201-080-340-160,Piping Systems,2201-080-340
2201-080-350,Stormwater,2201-080
2201-080-350-190,Pumps,2201-080-350
2201-080-370,Roading and Grounds,2201-080
2201-080-370-220,Site Services Equipment,2201-080-370
2201-080-440,Vehicles,2201-080
2201-080-440-250,Vehicles,2201-080-440
2201-080-440-260,"Vessels, Tanks, Hoppers",2201-080-440
2201-090,Rockstore,2201
2201-090-010,Raw Material Intake,2201-090
2201-090-010-030,Building or Structures,2201-090-010
2201-090-010-050,Conveying Equipment,2201-090-010
2201-090-010-130,Lifting Equipment,2201-090-010
2201-090-010-150,Mechanical Equipment,2201-090-010
2201-090-010-260,"Vessels, Tanks, Hoppers",2201-090-010
2201-090-010-270,Weighing Equipment,2201-090-010
2201-090-050,Milled Rock other,2201-090
2201-090-050-090,Electrical Equipment,2201-090-050
2201-090-050-120,Instrumentation and Automation,2201-090-050
2201-090-310,Electrical Distribution,2201-090
2201-090-310-090,Electrical Equipment,2201-090-310
2201-090-310-120,Instrumentation and Automation,2201-090-310
2201-090-340,Townwater,2201-090
2201-090-340-160,Piping Systems,2201-090-340
2201-090-370,Roading and Grounds,2201-090
2201-090-370-220,Site Services Equipment,2201-090-370
2201-100,Acidulation,2201
2201-100-010,Raw Material Intake,2201-100
2201-100-010-050,Conveying Equipment,2201-100-010
2201-100-010-130,Lifting Equipment,2201-100-010
2201-100-030,Rock Blending,2201-100
2201-100-030-050,Conveying Equipment,2201-100-030
2201-100-030-070,"Disintegrators, Crushers, Grinders",2201-100-030
2201-100-030-090,Electrical Equipment,2201-100-030
2201-100-030-260,"Vessels, Tanks, Hoppers",2201-100-030
2201-100-040,Rock Grinding,2201-100
2201-100-040-040,"Compressors, Blowers, Fans",2201-100-040
2201-100-040-050,Conveying Equipment,2201-100-040
2201-100-040-070,"Disintegrators, Crushers, Grinders",2201-100-040
2201-100-040-080,Driers,2201-100-040
2201-100-040-150,Mechanical Equipment,2201-100-040
2201-100-040-210,Separating Equipment,2201-100-040
2201-100-040-260,"Vessels, Tanks, Hoppers",2201-100-040
2201-100-150,Boiler  System,2201-100
2201-100-150-160,Piping Systems,2201-100-150
2201-100-190,Den and Mixer,2201-100
2201-100-190-010,"Agitators, Mixers or Blenders",2201-100-190
2201-100-190-040,"Compressors, Blowers, Fans",2201-100-190
2201-100-190-050,Conveying Equipment,2201-100-190
2201-100-190-150,Mechanical Equipment,2201-100-190
2201-100-190-190,Pumps,2201-100-190
2201-100-190-260,"Vessels, Tanks, Hoppers",2201-100-190
2201-100-200,Acid Dilution,2201-100
2201-100-200-160,Piping Systems,2201-100-200
2201-100-200-190,Pumps,2201-100-200
2201-100-200-260,"Vessels, Tanks, Hoppers",2201-100-200
2201-100-210,Granulation,2201-100
2201-100-210-010,"Agitators, Mixers or Blenders",2201-100-210
2201-100-210-050,Conveying Equipment,2201-100-210
2201-100-210-070,"Disintegrators, Crushers, Grinders",2201-100-210
2201-100-210-150,Mechanical Equipment,2201-100-210
2201-100-210-190,Pumps,2201-100-210
2201-100-210-210,Separating Equipment,2201-100-210
2201-100-210-260,"Vessels, Tanks, Hoppers",2201-100-210
2201-100-220,HFA Scrubbing,2201-100
2201-100-220-040,"Compressors, Blowers, Fans",2201-100-220
2201-100-220-150,Mechanical Equipment,2201-100-220
2201-100-220-160,Piping Systems,2201-100-220
2201-100-220-190,Pumps,2201-100-220
2201-100-220-260,"Vessels, Tanks, Hoppers",2201-100-220
2201-100-230,HFA Hygene,2201-100
2201-100-230-040,"Compressors, Blowers, Fans",2201-100-230
2201-100-230-160,Piping Systems,2201-100-230
2201-100-230-190,Pumps,2201-100-230
2201-100-230-260,"Vessels, Tanks, Hoppers",2201-100-230
2201-100-250,Mixer Additives,2201-100
2201-100-250-050,Conveying Equipment,2201-100-250
2201-100-250-260,"Vessels, Tanks, Hoppers",2201-100-250
2201-100-260,Granualtion Additives,2201-100
2201-100-260-050,Conveying Equipment,2201-100-260
2201-100-260-130,Lifting Equipment,2201-100-260
2201-100-260-150,Mechanical Equipment,2201-100-260
2201-100-260-260,"Vessels, Tanks, Hoppers",2201-100-260
2201-100-270,Finished Products,2201-100
2201-100-270-050,Conveying Equipment,2201-100-270
2201-100-270-130,Lifting Equipment,2201-100-270
2201-100-270-150,Mechanical Equipment,2201-100-270
2201-100-280,Acidulation other,2201-100
2201-100-280-090,Electrical Equipment,2201-100-280
2201-100-280-120,Instrumentation and Automation,2201-100-280
2201-100-280-130,Lifting Equipment,2201-100-280
2201-100-290,Dust Extraction,2201-100
2201-100-290-040,"Compressors, Blowers, Fans",2201-100-290
2201-100-290-050,Conveying Equipment,2201-100-290
2201-100-290-150,Mechanical Equipment,2201-100-290
2201-100-290-210,Separating Equipment,2201-100-290
2201-100-300,Plant Air,2201-100
2201-100-300-160,Piping Systems,2201-100-300
2201-100-310,Electrical Distribution,2201-100
2201-100-310-090,Electrical Equipment,2201-100-310
2201-100-310-120,Instrumentation and Automation,2201-100-310
2201-100-340,Townwater,2201-100
2201-100-340-160,Piping Systems,2201-100-340
2201-100-360,Effluent,2201-100
2201-100-360-240,Valves,2201-100-360
2201-100-360-260,"Vessels, Tanks, Hoppers",2201-100-360
2201-100-370,Roading and Grounds,2201-100
2201-100-370-220,Site Services Equipment,2201-100-370
2201-100-430,Buildings General,2201-100
2201-100-430-030,Building or Structures,2201-100-430
2201-100-440,Vehicles,2201-100
2201-100-440-250,Vehicles,2201-100-440
2201-110,Despatch,2201
2201-110-060,Despatch Infeed,2201-110
2201-110-060-050,Conveying Equipment,2201-110-060
2201-110-060-070,"Disintegrators, Crushers, Grinders",2201-110-060
2201-110-060-150,Mechanical Equipment,2201-110-060
2201-110-060-260,"Vessels, Tanks, Hoppers",2201-110-060
2201-110-070,Despatch Screening,2201-110
2201-110-070-050,Conveying Equipment,2201-110-070
2201-110-070-150,Mechanical Equipment,2201-110-070
2201-110-070-210,Separating Equipment,2201-110-070
2201-110-070-260,"Vessels, Tanks, Hoppers",2201-110-070
2201-110-080,Despatch Blending,2201-110
2201-110-080-010,"Agitators, Mixers or Blenders",2201-110-080
2201-110-080-040,"Compressors, Blowers, Fans",2201-110-080
2201-110-080-050,Conveying Equipment,2201-110-080
2201-110-080-190,Pumps,2201-110-080
2201-110-080-260,"Vessels, Tanks, Hoppers",2201-110-080
2201-110-090,Despatch Outfeed,2201-110
2201-110-090-050,Conveying Equipment,2201-110-090
2201-110-090-150,Mechanical Equipment,2201-110-090
2201-110-090-210,Separating Equipment,2201-110-090
2201-110-090-260,"Vessels, Tanks, Hoppers",2201-110-090
2201-110-090-270,Weighing Equipment,2201-110-090
2201-110-100,Bagging,2201-110
2201-110-100-010,"Agitators, Mixers or Blenders",2201-110-100
2201-110-100-050,Conveying Equipment,2201-110-100
2201-110-100-070,"Disintegrators, Crushers, Grinders",2201-110-100
2201-110-100-150,Mechanical Equipment,2201-110-100
2201-110-100-210,Separating Equipment,2201-110-100
2201-110-100-260,"Vessels, Tanks, Hoppers",2201-110-100
2201-110-110,Despatch other,2201-110
2201-110-110-090,Electrical Equipment,2201-110-110
2201-110-110-120,Instrumentation and Automation,2201-110-110
2201-110-110-150,Mechanical Equipment,2201-110-110
2201-110-300,Plant Air,2201-110
2201-110-300-160,Piping Systems,2201-110-300
2201-110-310,Electrical Distribution,2201-110
2201-110-310-090,Electrical Equipment,2201-110-310
2201-110-310-120,Instrumentation and Automation,2201-110-310
2201-110-340,Townwater,2201-110
2201-110-340-160,Piping Systems,2201-110-340
2201-110-370,Roading and Grounds,2201-110
2201-110-370-220,Site Services Equipment,2201-110-370
2201-110-430,Buildings General,2201-110
2201-110-430-030,Building or Structures,2201-110-430
2201-110-440,Vehicles,2201-110
2201-110-440-250,Vehicles,2201-110-440
2201-120,Site,2201
2201-120-340,Townwater,2201-120
2201-120-340-160,Piping Systems,2201-120-340
2201-120-350,Stormwater,2201-120
2201-120-350-160,Piping Systems,2201-120-350
2201-120-360,Effluent,2201-120
2201-120-360-160,Piping Systems,2201-120-360
2201-120-370,Roading and Grounds,2201-120
2201-120-370-220,Site Services Equipment,2201-120-370
2201-120-400,Canteen,2201-120
2201-120-400-030,Building or Structures,2201-120-400
2201-120-450,Site General,2201-120
2201-120-450-090,Electrical Equipment,2201-120-450
2201-120-450-120,Instrumentation and Automation,2201-120-450
2201-120-450-220,Site Services Equipment,2201-120-450
2201-130,Workshop,2201
2201-130-380,Maintenance Workshop,2201-130
2201-130-380-030,Building or Structures,2201-130-380
2201-130-380-090,Electrical Equipment,2201-130-380
2201-130-380-130,Lifting Equipment,2201-130-380
2201-130-440,Vehicles,2201-130
2201-130-440-250,Vehicles,2201-130-440
2201-140,Laboratory,2201
2201-140-410,Laboratory,2201-140
2201-140-410-030,Building or Structures,2201-140-410
2201-160,Customer Service Centers,2201
2201-160-440,Vehicles,2201-160
2201-160-440-250,Vehicles,2201-160-440
2202-160,Customer Service Center,2202
2202-160-010,Bulk Material - Intake,2202-160
2202-160-110,Despatch other,2202-160
2202-160-110-030,Building or Structures,2202-160-430
2202-160-110-050,Conveying Equipment,2202-160-110
2202-160-110-070,"Disintegrators, Crushers, Grinders",2202-160-110
2202-160-110-090,Electrical Equipment,2202-160-110
2202-160-110-150,Mechanical Equipment,2202-160-110
2202-160-110-260,"Vessels, Tanks, Hoppers",2202-160-110
2202-160-110-270,Weighing Equipment,2202-160-430
2202-160-111,Despatch Plant 1,2202-160
2202-160-300,Plant Air,2202-160
2202-160-310,Electrical Distribution,2202-160
2202-160-350,Stormwater,2202-160
2202-160-360,Effluent,2202-160
2202-160-370,Roading and Grounds,2202-160
2202-160-430,Buildings General,2202-160
2202-160-440,Vehicles,2202-160
2202-160-440-250,Vehicles,2202-160-440
2202-160-450,Site General,2202-160
2203-160,Customer Service Center,2203
2203-160-110,Despatch other,2203-160
2203-160-110-030,Building or Structures,2203-160-430
2203-160-110-050,Conveying Equipment,2202-160-110
2203-160-110-070,"Disintegrators, Crushers, Grinders",2202-160-110
2203-160-110-090,Electrical Equipment,2203-160-110
2203-160-110-150,Mechanical Equipment,2202-160-110
2203-160-110-210,Separating Equipment,2202-160-110
2203-160-110-260,"Vessels, Tanks, Hoppers",2202-160-110
2203-160-111,Despatch Plant 1,2203-160
2203-160-300,Plant Air,2203-160
2203-160-310,Electrical Distribution,2203-160
2203-160-350,Stormwater,2203-160
2203-160-370,Roading and Grounds,2203-160
2203-160-430,Buildings General,2203-160
2203-160-440,Vehicles,2203-160
2203-160-440-250,Vehicles,2203-160-440
2203-160-450,Site General,2203-160
2204-160,Customer Service Center,2204
2204-160-440,Vehicles,2204-160
2204-160-440-250,Vehicles,2204-160-440
2206-160,Customer Service Center,2206
2206-160-110,Despatch other,2206-160
2206-160-110-030,Building or Structures,2206-160-110
2208-160,Customer Service Center,2208
2208-160-110,Despatch other,2208-160
2208-160-110-030,Building or Structures,2208-160-430
2208-160-110-050,Conveying Equipment,2208-160-110
2208-160-110-070,"Disintegrators, Crushers, Grinders",2208-160-110
2208-160-110-090,Electrical Equipment,2208-160-110
2208-160-110-150,Mechanical Equipment,2208-160-110
2208-160-110-210,Separating Equipment,2208-160-110
2208-160-110-260,"Vessels, Tanks, Hoppers",2208-160-110
2208-160-111,Despatch Plant 1,2208-160
2208-160-300,Plant Air,2208-160
2208-160-310,Electrical Distribution,2208-160
2208-160-370,Roading and Grounds,2208-160
2208-160-430,Buildings General,2208-160
2208-160-440,Vehicles,2208-160
2208-160-440-250,Vehicles,2208-160-440
2209-160,Customer Service Center,2209
2209-160-110,Despatch other,2209-160
2209-160-110-030,Building or Structures,2209-160-430
2209-160-110-050,Conveying Equipment,2209-160-110
2209-160-110-070,"Disintegrators, Crushers, Grinders",2209-160-110
2209-160-110-090,Electrical Equipment,2209-160-110
2209-160-110-150,Mechanical Equipment,2209-160-110
2209-160-110-260,"Vessels, Tanks, Hoppers",2209-160-110
2209-160-111,Despatch Plant 1,2209-160
2209-160-300,Plant Air,2209-160
2209-160-310,Electrical Distribution,2209-160
2209-160-370,Roading and Grounds,2209-160
2209-160-430,Buildings General,2209-160
2209-160-440,Vehicles,2209-160
2209-160-440-250,Vehicles,2209-160-440
2209-160-450,Site General,2209-160
4801-040,Buildings and Roads,4801
4801-040-020,Bulk storage,4801-040
4801-080,Acid Plant,4801
4801-080-430,Buildings General,4801-080
4801-080-440,Vehicles,4801-080
4801-080-440-250,Vehicles,4801-080-440
4801-100,Acidulation,4801
4801-100-220,HFA Scrubbing,4801-100
4801-100-440,Vehicles,4801-100
4801-100-440-250,Vehicles,4801-100-440
4801-110,Despatch,4801
4801-110-020,Bulk storage,4801-110
4801-110-20,Bulk storage,4801-110
4801-120,Site,4801
4801-120-300,Plant Air,4801-120
4801-120-360,Effluent,4801-120
4801-120-450,Site General,4801-120
4815-160,Customer Service Center,4815
4815-160-100,Bagging,4815-160
4815-160-111,Despatch Plant 1,4815-160
4815-160-300,Plant Air,4815-160
4815-160-310,Electrical Distribution,4815-160
4815-160-350,Stormwater,4815-160
4815-160-360,Effluent,4815-160
4815-160-370,Roading and Grounds,4815-160
4815-160-430,Buildings General,4815-160
4815-160-440,Vehicles,4815-160
4815-160-440-250,Vehicles,4815-160-440
4815-160-999,Service Centre,4815-160
4815-160-999-030,Building or Structures,4815-160-999
4815-160-999-090,Electrical Equipment,4815-160-999
4815-160-999-150,Mechanical Equipment,4815-160-999
4821-100,Acidulation,4801
4821-100-280,Acidulation other,4821-100
4828-160,Customer Service Center,4828
4828-160-100,Bagging,4828-160
4828-160-180-120,Instrumentation and Automation,4828-160-430
4828-160-300,Plant Air,4828-160
4828-160-370,Roading and Grounds,4828-160
4828-160-430,Buildings General,4828-160
4828-160-440,Vehicles,4828-160
4828-160-440-250,Vehicles,4828-160-440
4828-160-999,Service Centre,4828-160
4828-160-999-030,Building or Structures,4828-160-999
4828-160-999-150,Mechanical Equipment,4828-160-999
4857-160,Customer Service Center,4857
4857-160-111,Despatch Plant 1,4857-160
4857-160-300,Plant Air,4857-160
4857-160-310,Electrical Distribution,4857-160
4857-160-350,Stormwater,4857-160
4857-160-360,Effluent,4857-160
4857-160-430,Buildings General,4857-160
4857-160-450,Site General,4857-160
4857-160-999,Service Centre,4857-160
4857-160-999-030,Building or Structures,4857-160-999
4857-160-999-050,Conveying Equipment,4857-160-999
4857-160-999-090,Electrical Equipment,4857-160-999
4857-160-999-150,Mechanical Equipment,4857-160-999
4857-160-999-250,Vehicles,4857-160-999
4901-160,Customer Service Center,4901
4901-160-100,Bagging,4901-160
4901-160-111,Despatch Plant 1,4901-160
4901-160-300,Plant Air,4901-160
4901-160-430,Buildings General,4901-160
4901-160-440,Vehicles,4901-160
4901-160-440-250,Vehicles,4901-160-440
4901-160-450,Site General,4901-160
4905-160,Customer Service Centers,4905
4905-160-010,Bulk Material - Intake,4905-160
4905-160-020,Bulk storage,4905-160
4905-160-100,Bagging,4905-160
4905-160-111,Despatch Plant 1,4905-160
4905-160-370,Roading and Grounds,4905-160
4905-160-430,Buildings General,4905-160
4905-160-440,Vehicles,4905-160
4905-160-440-250,Vehicles,4901-160-440
4905-160-450,Site General,4905-160
4905-160-999,Service Centre,4905-160
4905-160-999-030,Building or Structures,4905-160-999
4905-160-999-040,"Compressors, Blowers, Fans",4905-160-999
4905-160-999-090,Electrical Equipment,4905-160-999
4905-160-999-150,Mechanical Equipment,4905-160-999
4910-160,Customer Service Center,4910
4910-160-111,Despatch Plant 1,4910-160
4910-160-300,Plant Air,4910-160
4910-160-310,Electrical Distribution,4910-160
4910-160-350,Stormwater,4910-160
4910-160-370,Roading and Grounds,4910-160
4910-160-430,Buildings General,4910-160
4910-160-440,Vehicles,4910-160
4910-160-440-250,Vehicles,4910-160-440
4910-160-999,Service Centre,4910-160
4910-160-999-030,Building or Structures,4910-160-999
4910-160-999-150,Mechanical Equipment,4910-160-999
4916-160,Customer Service Centers,4916
4916-160-090,Despatch Outfeed,4916-160
4916-160-090-040,"Compressors, Blowers, Fans",4916-160-090
4916-160-100,Bagging,4916-160
4916-160-111,Despatch Plant 1,4916-160
4916-160-300,Plant Air,4916-160
4916-160-310,Electrical Distribution,4916-160
4916-160-350,Stormwater,4916-160
4916-160-370,Roading and Grounds,4916-160
4916-160-430,Buildings General,4916-160
4916-160-440,Vehicles,4916-160
4916-160-440-250,Vehicles,4916-160-440
4916-160-450,Site General,4916-160
4916-160-450-150,Mechanical Equipment,4916-160-450
4916-160-999,Service Centre,4916-160
4916-160-999-030,Building or Structures,4916-160-999
4916-160-999-090,Electrical Equipment,4916-160-999
4916-160-999-150,Mechanical Equipment,4916-160-999
4920-160,Customer Service Center,4920
4920-160-111,Despatch Plant 1,4920-160
4920-160-300,Plant Air,4920-160
4920-160-310,Electrical Distribution,4920-160
4920-160-350,Stormwater,4920-160
4920-160-370,Roading and Grounds,4920-160
4920-160-430,Buildings General,4920-160
4920-160-500,Urea Silos,4920-160
4920-160-999,Service Centre,4920-160
4920-160-999-150,Mechanical Equipment,4920-160-999
4920-160-999-250,Vehicles,4920-160-999
4929-160,Customer Service Center,4929
4929-160-100,Bagging,4929-160
4929-160-111,Despatch Plant 1,4929-160
4929-160-111-010,"Agitators, Mixers or Blenders",4929-160-111
4929-160-111-050,Conveying Equipment,4929-160-111
4929-160-111-070,"Disintegrators, Crushers, Grinders",4929-160-111
4929-160-111-090,Electrical Equipment,4929-160-111
4929-160-111-210,Separating Equipment,4929-160-111
4929-160-111-270,Weighing Equipment,4929-160-111
4929-160-300,Plant Air,4929-160
4929-160-300-040,"Compressors, Blowers, Fans",4929-160-300
4929-160-310,Electrical Distribution,4929-160
4929-160-350,Stormwater,4929-160
4929-160-370,Roading and Grounds,4929-160
4929-160-430,Buildings General,4929-160
4929-160-430-030,Building or Structures,4929-160-111
4929-160-440,Vehicles,4929-160
6500-120,Site,6500
6500-120-440,Vehicles,6500-120
6500-120-440-250,Vehicles,6500-120-440
